0.000000	11.838338	28.838843	51.799487	80.861187	99.570030	111.485201	363.136920	427.404270	428.352812	410.727000	481.381514	587.107923	596.378056	489.899665	505.349934	451.769003	0.991002	0.944282	0.804762	0.978361	0.905159	0.862068	0.966366	459.313492	253402.265825	36.600328	1082.445854	1086.257320	97.532129	1708614957.663700	0.000000
1.000000	13.593139	35.925030	59.512979	86.916729	130.956092	152.575525	337.816089	288.302140	315.214987	257.443441	177.022552	86.114979	-55.548651	34.987101	-244.823713	-237.303170	0.982676	0.914401	0.992673	0.921800	0.859176	0.847436	0.904798	549.194127	233369.463272	36.606727	988.770705	1040.704540	84.627477	1708614957.668702	0.000000
2.000000	15.012316	38.812887	65.732641	104.045094	101.461486	102.075833	94.630222	48.279454	-10.192746	-61.273995	-12.449211	-29.832438	-66.096645	29.497001	163.096115	278.212079	0.958976	0.998898	0.841870	0.874940	0.841191	0.947451	0.988039	504.711723	278342.781518	36.592656	982.638642	1051.862600	89.899052	1708614957.672058	0.000000
3.000000	17.058578	43.484674	77.984087	88.196703	84.639482	50.510326	28.062091	-58.938336	1.460600	-9.296439	60.045410	172.377966	242.322947	345.321903	462.048262	214.848207	0.819390	0.978774	0.816557	0.919151	0.906586	0.996574	0.991562	506.559616	267859.130462	36.602689	1090.009420	1083.900038	92.950199	1708614957.676084	0.000000
4.000000	18.353434	48.741031	65.473442	65.893530	37.180017	-8.856473	-24.260973	-1.888699	53.621284	159.959097	300.064161	225.047416	197.716820	132.876517	-14.249558	-131.291727	0.857305	0.869606	0.960076	0.934913	0.818237	0.955553	0.942222	522.128237	266491.678731	36.602544	905.975575	956.424141	92.990553	1708614957.679246	0.000000
5.000000	19.767763	48.343939	63.343448	38.862045	-7.297308	-31.019793	-14.009431	93.979089	224.906150	276.806115	183.297822	79.044198	-4.892213	70.916351	84.059278	254.853916	0.815608	0.957171	0.970060	0.926461	0.936886	0.893374	1.039963	482.251153	240624.631728	36.599284	1068.453953	1028.124261	98.164740	1708614957.683429	0.000000
6.000000	21.203171	45.209059	45.550546	12.377111	-29.525343	15.026268	83.791162	183.768549	197.942171	117.478931	-15.371444	-100.195646	23.589577	267.554904	402.653727	255.034636	0.960053	0.820953	0.904300	0.862442	0.948149	0.928041	1.070571	522.517564	241025.608609	36.602591	1013.129075	991.225129	86.175009	1708614957.687572	0.000000
7.000000	21.663268	46.045329	31.106607	-16.057245	-22.252359	59.874003	174.964937	192.968419	86.172340	-40.055897	25.090149	130.605105	384.551614	290.966636	123.455206	-190.520857	0.851711	0.976590	0.989891	0.813960	0.880680	0.878986	0.947678	497.890937	231750.715552	36.593590	962.633502	1007.086316	95.842104	1708614957.692564	0.000000
8.000000	22.588484	42.148027	16.679366	-26.483219	15.577761	128.152176	140.066260	82.792622	-33.360392	23.710956	193.886714	338.970610	181.314950	70.309847	-118.414070	158.456092	0.937846	0.899507	0.802809	0.963266	0.865952	0.967902	0.902001	531.678347	231064.706811	36.600603	966.157813	1096.920985	91.451663	1708614957.696574	0.000000
9.000000	22.859817	34.662686	4.293624	-1.589143	65.855184	138.928662	102.455413	-23.214045	-13.821278	143.272788	212.027151	138.574583	-41.131362	103.996104	265.306078	249.340117	0.809355	0.975016	0.943781	0.920733	0.816151	0.923315	1.041502	491.454953	240347.317634	36.592526	1064.246852	1077.280664	93.799518	1708614957.699751	0.000000
10.000000	23.284779	28.269547	-10.481141	14.187212	89.721053	110.705495	13.456827	9.250885	116.670539	181.922609	110.577559	-91.832307	101.701529	274.609289	335.650150	-132.137662	0.863615	0.978996	0.868136	0.868001	0.880228	0.820328	1.011471	478.167225	246501.706819	36.605607	1059.035214	1033.389877	97.938301	1708614957.702891	0.000000
11.000000	23.710882	22.169472	-8.243761	34.362274	116.814575	71.203354	-9.049916	69.372049	224.161223	131.877755	-118.900527	82.246169	225.927960	194.261841	18.057294	144.547362	0.855877	0.941323	0.947389	0.992939	0.999626	0.832067	1.062416	531.852411	269077.408988	36.590080	985.838382	1065.563590	80.327762	1708614957.707402	0.000000
12.000000	23.844158	14.717424	-13.211494	64.517852	122.250218	19.050543	-7.310466	181.318367	131.310732	-85.241027	32.511377	197.903573	149.921677	-153.754470	154.436183	292.564836	0.872305	0.825278	0.964644	0.861240	0.955221	0.949460	1.095751	499.191403	228277.283822	36.599938	1016.994520	1039.348294	98.774489	1708614957.711718	0.000000
13.000000	23.995596	8.934518	-6.069515	87.972609	72.096554	-2.587760	74.038373	192.381325	44.745671	-29.721131	238.342095	207.315515	-147.194609	186.786190	309.071898	111.781723	0.945527	0.961540	0.998024	0.839495	0.903829	0.849550	1.069195	504.600832	243669.389812	36.609987	1043.717270	925.109473	91.914148	1708614957.716192	0.000000
14.000000	23.166657	3.368027	9.881367	94.728165	34.426082	-8.549638	128.876397	99.296334	-62.939597	185.120741	198.357118	-51.437286	124.140804	222.525203	0.530051	79.474591	0.918209	0.996860	0.803749	0.819910	0.944688	0.891163	0.936509	509.852181	268108.954975	36.599913	1066.474791	920.100027	98.269887	1708614957.719344	0.000000
15.000000	23.417382	-1.086736	24.340025	83.434384	7.203787	38.171558	161.602328	-21.713137	29.434214	307.574094	25.923593	75.630832	281.814148	23.589153	132.799969	597.344464	0.977430	0.905710	0.945290	0.948791	0.866119	0.984584	1.077524	487.398168	230658.850010	36.607331	1061.175053	1016.112599	88.636631	1708614957.724039	0.000000
16.000000	21.596523	-4.367949	38.572983	70.301423	-22.920583	105.413334	98.683542	-58.557428	172.822130	126.988622	10.559892	261.514656	109.610465	-86.140360	812.825324	167.020575	0.966859	0.977803	0.950595	0.883901	0.828951	0.987193	0.924549	509.819907	235125.201255	36.607534	959.760357	1076.492342	94.785868	1708614957.727420	0.000000
17.000000	20.374348	-10.268636	50.583462	54.158939	-6.211577	147.477212	19.201509	52.347248	209.437116	4.831823	128.027043	203.370114	6.237206	573.831784	281.488368	114.984306	0.976171	0.958876	0.860814	0.905670	0.832507	0.995303	1.099090	549.060468	239420.083490	36.592366	1007.782012	1071.040171	96.346322	1708614957.731884	0.000000
18.000000	19.637704	-7.818879	67.155409	24.074573	14.810498	123.071354	-9.219214	145.578521	106.647246	-14.210205	318.177117	27.313411	376.499575	496.088650	-189.737648	396.444002	0.804431	0.886845	0.984753	0.884775	0.885168	0.961079	0.911995	534.852436	275539.944761	36.604067	1024.392761	1099.263637	92.487742	1708614957.735344	0.000000
19.000000	18.572069	-8.435585	72.581368	-0.611945	62.761894	96.828109	-15.903843	181.354716	-52.081512	154.773376	127.180156	18.224557	444.371637	66.250772	326.204060	133.201219	0.915081	0.935265	0.965705	0.879628	0.865528	0.948441	0.981225	468.752574	255842.241007	36.600793	981.908992	1016.703962	81.438553	1708614957.739707	0.000000
20.000000	16.842286	-2.525115	74.067019	-6.676285	102.898206	33.634968	64.943276	156.098218	-8.631900	226.153013	-12.145329	582.393340	157.504996	132.379872	252.827322	-110.003753	0.837137	0.852885	0.815139	0.883737	0.824655	0.999404	0.961161	519.405829	260719.141485	36.602234	1032.214512	994.420382	85.045617	1708614957.743844	0.000000
21.000000	15.150038	0.003131	61.007613	-13.380908	106.180029	-11.080205	158.215156	20.128597	114.590500	120.357572	72.765830	473.945771	-51.733357	387.540670	-110.502199	379.279342	0.972073	0.950601	0.817802	0.922927	0.818246	0.870831	1.086651	521.825067	265672.128670	36.590462	1012.482210	1017.295562	93.374896	1708614957.746992	0.000000
22.000000	13.524812	7.303178	56.969788	-6.806535	115.650665	-30.009157	134.725235	-64.574172	167.081516	30.742398	492.993617	-6.748815	231.740050	79.331390	162.726835	203.203952	0.837291	0.923442	0.839901	0.971430	0.838096	0.951606	1.035604	529.167159	236481.392436	36.596755	946.472266	954.544618	84.662890	1708614957.751132	0.000000
23.000000	11.699069	13.811917	42.140578	16.969285	77.968099	31.164424	112.859533	-9.928150	159.908399	-46.104546	495.211841	-81.224131	227.578000	64.435192	219.929200	20.595775	0.988077	0.885580	0.825375	0.812767	0.841021	0.951352	1.030328	472.101479	266921.559880	36.590895	1061.718340	1072.301743	92.133535	1708614957.755435	0.000000
24.000000	10.000000	21.454566	25.501912	49.040328	32.824315	75.703406	50.124863	122.476759	29.269364	317.083459	16.591110	196.455647	-10.197672	192.247907	26.640765	425.647965	0.966257	0.876424	0.871660	0.855878	0.908559	0.911395	0.915340	452.449335	244830.732156	36.609251	958.362054	1032.305880	99.122381	1708614957.759589	0.000000
25.000000	8.314022	27.773718	8.726295	76.361023	-7.802693	135.145960	-11.269526	185.542133	-91.086453	523.339615	-9.937030	212.181589	78.302167	324.898072	110.829454	267.956559	0.864896	0.974109	0.970480	0.860501	0.852593	0.991516	0.980633	545.978874	241152.643806	36.600029	950.987921	981.884778	82.638529	1708614957.764302	0.000000
26.000000	6.370746	35.010704	-0.328697	100.898849	-30.740996	162.589823	-7.020110	170.444611	47.490094	241.567127	137.588493	33.357074	241.706678	-124.171011	226.164675	66.314697	0.911706	0.980292	0.901216	0.972926	0.820433	0.846775	1.087420	513.394033	234721.998300	36.609892	983.950901	1088.233431	89.333308	1708614957.767735	0.000000
27.000000	4.593330	41.606559	-15.606542	92.870139	-15.043832	107.727550	56.422875	44.871142	340.706056	-47.323598	186.636375	-43.629967	194.462878	60.554165	135.754106	328.675326	0.864593	0.816602	0.991524	0.929160	0.980174	0.820877	0.964167	512.992498	253940.714514	36.605999	1099.257572	983.263905	85.058788	1708614957.772084	0.000000
28.000000	3.512571	42.466372	-15.399006	84.565722	26.538236	49.978757	131.303093	-51.250278	393.023759	-30.075220	154.161072	181.803581	16.471558	255.489314	-57.468693	338.908274	0.937480	0.988723	0.874121	0.850278	0.855344	0.879266	1.045120	503.632454	255267.389277	36.595713	941.831742	1070.017262	80.425100	1708614957.775533	0.000000
29.000000	1.848901	48.006892	-12.805390	71.056111	62.697699	6.443853	154.284158	-30.742515	106.544986	181.155587	33.496976	284.428605	5.061881	136.659380	351.413695	13.072900	0.980975	0.845551	0.997832	0.933044	0.892366	0.873032	1.088562	505.548397	229580.385813	36.596406	1084.068060	919.797104	93.798796	1708614957.779952	0.000000
30.000000	0.615352	47.130804	-2.444093	38.562887	114.574054	-11.107540	139.108004	200.057776	-19.426500	192.026349	21.640737	75.214012	234.885387	-144.524119	180.268666	476.767914	0.947751	0.822225	0.954326	0.973939	0.900418	0.979596	0.916256	482.759975	241968.710103	36.601620	900.432108	1019.353336	83.494277	1708614957.783434	0.000000
31.000000	-0.707918	46.169421	15.487185	9.072685	103.309077	3.860315	50.832939	349.949446	-37.794785	137.407318	169.733029	-16.666332	193.676193	231.160632	-8.400232	615.290765	0.990269	0.849933	0.964129	0.921680	0.978376	0.900516	1.043982	498.597625	248781.629546	36.595266	1006.569307	1068.532791	92.078091	1708614957.788294	0.000000
32.000000	-1.897073	46.107550	28.956049	-15.243098	121.218879	59.862783	-34.838271	326.175696	93.838871	-62.243667	299.630324	123.372626	-19.762835	373.315378	359.596610	-11.044667	0.866811	0.893546	0.845029	0.809307	0.907952	0.961453	1.053919	543.259638	230896.480482	36.597883	921.554615	1084.240328	83.193754	1708614957.791656	0.000000
33.000000	-3.003996	39.252930	46.280075	-13.535069	80.128745	113.368988	4.412418	83.307417	238.816549	-2.329670	58.328080	385.481642	26.741237	-44.641104	744.525684	159.708257	0.804929	0.817327	0.850831	0.808840	0.929648	0.980953	0.958170	523.904216	247015.625727	36.595945	903.369600	1040.571622	90.550119	1708614957.796074	0.000000
34.000000	-4.056049	35.665701	59.959047	-10.574132	37.633618	129.454285	88.738230	-32.708923	169.543000	163.351070	-49.622296	137.781080	363.139263	90.622548	7.700673	295.035003	0.866131	0.988220	0.888817	0.889461	0.903757	0.806200	1.055991	454.867493	273252.430562	36.609678	912.881195	1019.279155	80.037782	1708614957.799519	0.000000
35.000000	-4.578852	28.709127	62.449076	5.998082	-12.150437	143.663609	225.462544	-41.163677	69.962476	206.623157	109.450704	-126.757716	188.265528	634.584153	-8.546707	-68.316496	0.880415	0.954420	0.837098	0.901784	0.999263	0.989962	0.983304	486.046522	240923.540296	36.604887	989.146028	975.349038	90.576799	1708614957.804326	0.000000
36.000000	-3.581847	22.034066	70.461263	33.203781	-29.087109	71.758880	290.788118	59.933030	-53.220875	122.787784	294.863020	68.038863	44.376856	212.034139	250.039824	68.343759	0.865448	0.950278	0.927291	0.861020	0.922530	0.914176	1.091555	482.311548	256906.857951	36.597695	1093.981499	912.604674	83.272069	1708614957.807712	0.000000
37.000000	-3.712493	14.679009	72.633586	62.330548	-8.581031	20.560815	120.184325	143.305944	28.143874	-71.998449	161.594806	326.484477	228.148429	-37.890058	145.902096	224.090084	0.885201	0.901141	0.960740	0.901903	0.927859	0.843062	1.081217	526.147907	268549.583996	36.590332	905.461265	908.796919	82.130259	1708614957.812339	0.000000
38.000000	-3.484067	7.800839	64.542710	79.975747	20.362996	-45.206780	65.508481	146.883451	132.847507	-7.591994	-73.936643	167.020522	539.207959	158.309254	-130.147340	-19.245232	0.885026	0.976248	0.949926	0.918005	0.960177	0.888164	1.041526	482.340604	241608.302556	36.602715	999.399278	939.038054	90.541123	1708614957.815843	0.000000
39.000000	-2.962768	0.989792	53.919688	99.033529	63.392478	1.117206	-23.992833	110.642631	199.290382	155.379153	43.941977	-130.616402	289.317900	437.824330	202.274750	43.960004	0.982881	0.901531	0.834685	0.829520	0.894952	0.990154	1.044138	464.525609	260215.091693	36.598950	1057.412551	970.448851	97.235902	1708614957.819519	0.000000
40.000000	-2.284530	-2.705228	36.130872	85.876896	89.694993	36.667901	-4.334011	-16.471831	139.074311	279.389453	236.682456	112.481680	-14.154154	14.366603	197.960436	380.912039	0.944400	0.949902	0.964642	0.972672	0.867294	0.964351	1.083617	483.307090	241753.990940	36.590649	1042.884740	1074.492442	95.593666	1708614957.823930	0.000000
41.000000	-2.266698	-7.320681	19.152257	79.790286	110.564083	97.099448	35.407565	-27.170144	21.950548	134.047970	298.063657	493.801196	150.227177	32.260981	-175.808036	63.827152	0.823255	0.881808	0.920596	0.866019	0.819086	0.806207	1.079152	535.621596	275340.848411	36.595780	1000.339954	968.063371	86.598546	1708614957.827532	0.000000
42.000000	-0.610799	-5.555756	4.082450	52.784055	111.321065	126.628926	108.371449	30.815792	-2.244731	10.940799	71.985742	255.599756	428.494600	245.251132	155.808339	44.971597	0.864418	0.911636	0.855966	0.899892	0.867544	0.872599	0.994741	514.280916	249354.720975	36.605457	959.893573	947.167989	90.878912	1708614957.831812	0.000000
43.000000	0.644810	-8.133335	-1.829929	22.049116	73.468935	135.341995	192.574189	149.513860	71.807934	47.622873	-40.827278	55.255860	103.135267	293.613017	403.456503	346.341849	0.918051	0.903499	0.969951	0.962184	0.861756	0.994035	0.903832	462.851362	254204.752416	36.593957	1070.657109	1077.051866	84.956087	1708614957.835560	0.000000
44.000000	1.641098	-4.238661	-11.682049	-2.286050	33.626130	98.440068	130.079516	201.599486	165.029256	184.921120	193.782591	26.931714	-152.351438	-97.103203	-88.898524	251.507594	0.871461	0.801719	0.814459	0.842299	0.903827	0.838738	1.097917	531.613202	240993.299755	36.596408	1038.728101	1052.155621	91.991720	1708614957.840019	0.000000
45.000000	3.476455	-4.494839	-17.501513	-18.344881	-12.121200	31.281472	78.249971	132.456139	207.482740	254.457169	508.263163	205.959131	157.662516	105.960057	-0.885835	-211.255833	0.897960	0.952552	0.822407	0.832718	0.808406	0.875849	1.024436	477.575802	271988.762626	36.602056	981.903482	936.553247	82.355186	1708614957.843558	0.000000
46.000000	4.914761	3.488805	-7.146275	-9.131436	-15.450794	-24.730638	-23.449673	7.922335	64.276548	121.352709	161.553920	188.768152	233.131614	224.424666	290.156510	814.858990	0.903400	0.889631	0.866635	0.966250	0.864560	0.925759	1.046510	482.434923	251952.091456	36.608661	926.872130	1085.822593	88.248138	1708614957.847782	0.000000
47.000000	6.441012	6.673798	5.652150	0.101893	0.355918	-5.534251	-29.018212	-69.523623	-12.067763	-19.276307	-49.013842	-16.113429	2.480958	72.560381	269.929583	197.784397	0.806164	0.923962	0.997275	0.984589	0.873298	0.928613	1.050337	524.519799	243575.539523	36.601448	950.132205	1084.404979	80.489205	1708614957.851168	0.000000
48.000000	8.168979	13.851233	19.528317	19.622729	25.359156	27.349868	17.245588	7.296038	22.557252	-32.596575	35.001391	56.755066	-86.719447	-96.721853	41.359796	66.211120	0.838010	0.858556	0.955780	0.814093	0.924670	0.960496	1.037706	548.979165	231265.466552	36.597251	970.319362	963.831935	86.825036	1708614957.855640	0.000000
49.000000	10.000000	21.399617	34.178334	48.346882	66.316667	83.354061	99.911718	126.575966	161.241868	308.992931	181.841844	202.535794	170.167937	184.806903	444.996925	253.123680	0.841637	0.847244	0.869311	0.980463	0.854262	0.954084	0.958823	471.517985	274350.638863	36.594378	970.976162	1055.147695	91.656907	1708614957.860466	0.000000
50.000000	11.689097	28.506534	49.166097	71.846220	101.034953	149.008446	181.634393	194.585386	244.384745	453.438671	335.715797	211.639991	307.383613	552.028311	273.095478	282.313685	0.815934	0.979040	0.807586	0.855328	0.810357	0.892841	0.934510	548.565283	248428.263752	36.602646	1015.754719	929.752824	89.752577	1708614957.863651	0.000000
51.000000	13.660773	34.884525	61.049942	94.462193	112.666910	121.444902	137.172666	154.778213	143.275439	245.942295	96.032059	56.220375	9.421670	-58.025040	87.490969	-33.127765	0.813649	0.828039	0.989895	0.818746	0.904248	0.817234	1.093987	527.172008	234429.993238	36.604966	921.438860	1047.382025	92.153503	1708614957.868035	0.000000
52.000000	15.295270	39.168684	70.205114	85.754605	123.802126	97.829257	84.120418	46.193948	-20.224914	-21.591470	29.648062	-52.710165	70.807677	160.368194	168.404715	319.416480	0.998828	0.927662	0.898745	0.879380	0.982576	0.862230	0.997756	516.432467	261625.481677	36.604842	1024.120693	1038.183482	82.775747	1708614957.871453	0.000000
53.000000	16.927531	43.249702	75.583007	92.717328	80.520830	49.137626	13.350027	-22.487058	-65.300519	-10.519213	64.482960	142.204373	192.814657	361.393963	282.712467	287.243874	0.830338	0.933637	0.949265	0.985565	0.961125	0.964565	1.084183	548.896376	259447.932363	36.601755	1091.267248	962.730258	89.926057	1708614957.875918	0.000000
54.000000	18.601223	46.296307	66.880263	62.217210	34.093840	-14.624450	-34.275426	-23.953541	122.398301	171.458706	309.078189	288.740532	180.882128	137.164678	-24.314020	7.073463	0.878418	0.820503	0.841332	0.803816	0.851282	0.893634	0.929595	498.715400	249695.699966	36.598380	1088.888639	1079.979896	92.040446	1708614957.880065	0.000000
55.000000	19.540908	45.740715	56.242863	38.382191	2.743615	-16.791597	-15.149247	88.310251	375.869423	274.820613	226.830943	76.928169	7.483770	78.283248	68.485551	191.027517	0.985282	0.869360	0.836720	0.871474	0.882308	0.829085	0.925561	527.516074	268204.966503	36.602805	1013.592933	1085.446542	80.370518	1708614957.883582	0.000000
56.000000	21.278997	49.194900	48.860181	14.904614	-21.080516	1.894654	91.445473	149.436357	185.562969	135.199064	44.248204	-76.681140	127.629296	245.505850	317.386970	449.214723	0.964103	0.833396	0.894412	0.981867	0.815903	0.838400	0.991521	478.439249	270726.097661	36.597406	925.017611	903.751506	92.348712	1708614957.888719	0.000000
57.000000	21.759467	46.198644	31.018704	-12.152017	-6.065447	59.862141	178.127468	208.060529	88.375537	-65.849940	33.506699	131.096012	681.059003	234.732525	138.107832	107.711560	0.904145	0.927758	0.888370	0.941770	0.807899	0.803476	1.056889	455.730974	248575.584763	36.598990	903.162031	1006.897150	88.305858	1708614957.892123	0.000000
58.000000	23.259420	40.412937	16.292552	-20.961878	14.897230	126.838790	187.910321	82.419771	-10.560554	-8.019739	171.766578	252.934713	425.298781	-63.481330	-76.703628	158.388447	0.831147	0.874930	0.868583	0.974516	0.960092	0.936610	1.020009	463.353295	244058.852639	36.602051	1039.207662	925.709126	87.697055	1708614957.895689	0.000000
59.000000	22.867478	35.549292	5.740896	-10.906184	64.490269	122.161406	91.103899	-40.964442	11.786763	189.155029	188.579080	285.184685	-36.094033	22.999305	261.783946	756.305377	0.867327	0.939797	0.931952	0.827312	0.889636	0.801625	1.060915	473.744131	237506.592289	36.605117	1005.181097	1012.442284	91.910456	1708614957.900125	0.000000
60.000000	24.114912	28.924605	-8.573855	11.881406	89.629531	117.295145	23.424393	0.040156	134.047706	196.499727	110.307739	-28.528812	83.675641	237.023242	286.702594	-72.602350	0.825690	0.998837	0.964507	0.829771	0.873325	0.948312	1.064886	542.688917	273724.138960	36.594573	967.759000	965.067505	81.746330	1708614957.903342	0.000000
61.000000	23.870584	21.993325	-12.147969	33.572538	113.923277	68.726790	-6.399049	126.326466	189.940106	123.921957	-53.067915	150.968375	215.409533	205.310983	88.076730	193.279607	0.956123	0.993303	0.835091	0.980915	0.809393	0.943290	0.987775	500.487530	256403.263117	36.603886	917.932814	988.649156	92.941145	1708614957.907954	0.000000
62.000000	23.967351	15.150116	-13.832747	62.680410	114.779522	-3.673537	1.112682	293.047009	139.901913	21.761925	37.627597	256.147563	151.434720	-44.322389	172.946958	448.248115	0.812110	0.941568	0.902709	0.883776	0.968476	0.941455	0.904977	475.873630	259513.678830	36.609556	1082.189477	969.813634	84.869078	1708614957.912076	0.000000
63.000000	23.812794	7.235394	-7.111827	87.429331	82.497582	-25.926996	75.987691	323.283409	32.596655	16.138765	221.759183	182.078691	-44.105145	158.473958	636.332109	-17.424034	0.933018	0.923665	0.838040	0.971758	0.801755	0.975004	1.059918	496.148153	278028.820931	36.593533	1035.300671	914.911239	94.232922	1708614957.915642	0.000000
64.000000	23.420431	3.781896	7.469060	99.081847	32.732529	2.754207	153.363860	120.184255	-44.510051	178.623202	235.042177	-110.779186	122.306764	346.282791	-14.912375	-30.053986	0.843414	0.912807	0.865989	0.804782	0.934082	0.930536	1.059639	513.880377	274345.566538	36.608108	951.769691	1027.369919	90.367249	1708614957.919956	0.000000
65.000000	22.451989	-1.350950	23.766510	94.865565	-6.954800	39.270355	164.521047	27.176105	29.029533	279.619058	-10.669116	65.488571	289.456113	33.357501	62.438673	548.208373	0.888494	0.990908	0.877592	0.950188	0.885753	0.803646	0.938897	528.176657	230145.429734	36.591868	1032.013478	910.132136	97.086352	1708614957.923716	0.000000
66.000000	22.447967	-5.649519	40.292284	77.654770	-12.024703	103.627027	121.310078	-53.883944	211.719578	125.039675	-67.844320	202.218180	103.514598	-71.398088	253.238217	98.371218	0.938439	0.926883	0.888130	0.975607	0.891615	0.817796	1.055655	482.040057	235014.481958	36.597433	1059.807126	942.962282	95.557225	1708614957.928165	0.000000
67.000000	20.369219	-8.678550	55.550262	54.124113	-21.433545	143.117402	43.129342	18.140105	208.642049	-34.437426	278.659997	259.255730	-141.225923	675.579259	136.956626	122.816306	0.926499	0.975784	0.963962	0.903843	0.930534	0.925177	0.939177	465.115436	248046.408589	36.609807	1011.453955	940.617531	85.815805	1708614957.931695	0.000000
68.000000	19.265935	-9.044627	63.945866	23.260041	27.452904	129.859503	-2.817440	166.589830	101.077281	-51.074719	308.073845	11.146942	146.820690	404.036062	45.205726	427.105402	0.961251	0.957755	0.829858	0.943441	0.968651	0.909786	0.999568	520.762250	237806.185561	36.604604	1051.458880	969.248677	91.272624	1708614957.936152	0.000000
69.000000	18.353024	-4.277406	72.112438	-1.843395	67.032810	85.089630	-30.045817	153.278895	-12.922084	148.018148	131.482653	-12.394058	328.870097	-226.227835	195.207807	114.180703	0.917483	0.814226	0.982847	0.938631	0.999242	0.902093	0.957109	475.808847	243217.266857	36.608257	915.832159	948.838014	94.990012	1708614957.939752	0.000000
70.000000	16.933217	-3.766148	70.964726	-20.548407	97.748445	26.731255	128.230872	120.590786	-18.957968	299.717466	-93.373488	304.287064	55.247087	115.169399	262.341649	-180.866015	0.863040	0.835830	0.886951	0.966125	0.866195	0.948028	0.928961	472.980033	248972.689930	36.607556	1036.997667	1043.942459	87.968811	1708614957.944210	0.000000
71.000000	15.130216	3.031567	68.843813	-20.383699	114.986991	-28.891621	296.603746	29.131718	116.431249	122.182211	20.889644	224.783236	-81.838220	456.905955	-41.380819	382.299426	0.916171	0.888966	0.843956	0.810914	0.918127	0.979605	0.969020	485.677495	264649.634942	36.602386	1033.167772	901.085309	83.300563	1708614957.947725	0.000000
72.000000	13.494122	8.677193	56.645000	-7.109146	108.383639	-11.346340	168.010798	-25.386321	191.345068	-44.153383	170.209429	69.618442	223.682708	103.835443	162.744242	201.005953	0.827516	0.927627	0.916101	0.875945	0.949635	0.821885	0.982211	488.474631	249443.910512	36.600962	1037.231526	1066.774641	94.614370	1708614957.952189	0.000000
73.000000	11.727344	14.159820	42.209479	17.175830	83.850785	8.765851	128.119049	-9.967339	195.636340	-28.042080	238.824425	-32.213969	285.368642	60.693554	211.818556	-21.123143	0.974784	0.949887	0.881955	0.852360	0.995468	0.827819	0.942104	503.864298	264532.182691	36.603856	969.572189	905.509467	95.628876	1708614957.955604	0.000000
74.000000	10.000000	21.360580	25.491357	49.993521	37.505403	86.450232	46.690693	132.287174	56.509524	381.178044	50.069101	220.677767	76.599733	197.231849	83.680444	627.029803	0.816960	0.998131	0.809103	0.849130	0.955254	0.831311	0.930308	473.645408	276774.288656	36.603393	941.592946	925.114308	88.143098	1708614957.960631	0.000000
75.000000	8.177224	28.068316	12.910496	80.370977	9.483894	126.473097	-46.444839	171.423971	-86.501444	569.449489	-54.944908	197.458842	25.645768	242.322128	113.396347	468.322728	0.871776	0.927710	0.969714	0.855400	0.970160	0.857670	0.989689	463.755182	246148.399140	36.598803	1016.165180	964.015539	98.976150	1708614957.963987	0.000000
76.000000	6.655596	33.697733	-0.866357	93.983853	-21.051873	131.349084	-30.545331	166.291747	14.195417	256.878814	127.696492	83.211354	513.803919	34.755525	386.878924	-137.558681	0.884668	0.826925	0.949735	0.939377	0.906891	0.948449	1.036112	530.986355	229903.427419	36.597871	991.927576	1078.161833	80.867078	1708614957.967360	0.000000
77.000000	4.789869	38.804556	-8.191309	90.630653	-25.678793	99.476732	51.127497	47.096034	178.850452	4.250436	302.541668	47.667225	460.284027	35.535628	133.830503	293.202448	0.801239	0.883650	0.870064	0.954872	0.905121	0.896787	0.924786	507.130675	256959.230037	36.593409	925.397866	966.326721	88.651095	1708614957.971853	0.000000
78.000000	3.101820	42.202197	-15.363817	79.671499	26.559257	47.639552	146.568712	-22.164666	179.251420	33.354639	132.898066	193.256264	-69.831148	337.127155	-113.967607	317.116112	0.877662	0.918884	0.938805	0.866837	0.944920	0.863878	0.950291	473.010409	259683.659009	36.607241	950.610850	987.105640	83.079464	1708614957.975002	0.000000
79.000000	1.272778	47.468731	-8.980532	63.590907	61.002001	-20.099941	137.854826	16.521275	126.891320	170.776254	-60.576811	510.807356	29.540915	136.714032	506.418952	77.237188	0.943880	0.827071	0.954912	0.804359	0.963032	0.887355	0.975917	462.392178	265337.977130	36.595785	1033.141009	1062.725840	96.957318	1708614957.979148	0.000000
80.000000	0.363479	50.012206	-3.588875	38.629188	107.219510	-8.810970	136.293691	95.579236	-41.966227	178.558346	19.805290	205.650645	237.342956	-147.794878	518.534073	179.787291	0.893205	0.882215	0.820581	0.944782	0.976513	0.844359	0.942055	459.219091	259257.287834	36.591603	998.038744	917.493239	84.830416	1708614957.983337	0.000000
81.000000	-0.897003	46.255518	11.954902	11.043645	137.207792	7.626613	46.960889	183.055086	7.260125	122.961240	242.286556	-24.337004	219.703124	260.812235	-131.421378	200.820071	0.990979	0.912614	0.821326	0.859608	0.827566	0.988732	1.065134	469.717598	252765.733123	36.606722	936.347737	938.442160	83.678170	1708614957.987516	0.000000
82.000000	-1.573411	44.446851	28.904507	0.785688	110.736855	59.902429	-34.853154	205.914041	203.200317	0.127190	292.069852	132.617213	60.951334	210.986941	164.998248	-166.026236	0.804943	0.956109	0.824871	0.884698	0.871320	0.906955	1.073883	523.879385	256107.939442	36.606301	906.895881	962.808758	86.278570	1708614957.991884	0.000000
83.000000	-3.318123	39.889867	42.605719	-24.430801	78.780897	109.811408	-17.063245	83.714926	182.096366	-17.626793	69.468773	332.279337	53.762152	66.989380	458.204426	159.784414	0.877737	0.966734	0.863080	0.953114	0.959682	0.964863	1.086973	492.914972	246358.147023	36.604271	1059.852033	1078.518089	92.405393	1708614957.995311	0.000000
84.000000	-3.228300	34.377566	58.198346	-13.368685	36.804665	142.786572	28.355273	-27.945397	195.546891	135.980967	-60.875633	139.664402	198.380194	17.224081	115.060024	506.574051	0.958412	0.895593	0.937507	0.992619	0.812554	0.948150	1.094852	506.384946	248076.817176	36.603578	1079.461609	930.832378	94.448864	1708614957.999766	0.000000
85.000000	-4.360817	29.062115	67.321245	10.024917	-13.778172	121.717814	127.813034	14.220655	70.255260	205.145384	109.765759	-120.025579	213.291228	662.313865	-25.390818	-28.378499	0.909392	0.861029	0.825663	0.979363	0.862262	0.867935	0.994050	466.833771	230123.488433	36.608374	1048.841226	975.382932	90.379147	1708614958.004882	0.000000
86.000000	-4.533928	22.169141	68.601412	34.474519	-7.279285	72.260680	139.591101	61.759521	-12.890414	131.852774	307.900100	80.680946	63.227272	378.063291	243.710262	125.504190	0.952573	0.803141	0.813382	0.960507	0.988264	0.958924	0.956439	522.306976	270169.717082	36.604930	923.858046	962.142625	82.512442	1708614958.007324	0.000000
87.000000	-4.488285	15.114205	70.691818	63.917131	-2.156662	9.538028	152.656601	181.849554	-11.384160	-86.227279	360.939530	315.987707	85.113036	39.587945	140.765600	457.521960	0.879256	0.841488	0.824652	0.903071	0.973597	0.955480	1.025477	536.016999	275309.942250	36.599572	1024.286366	1026.602766	97.990437	1708614958.011752	0.000000
88.000000	-4.436531	8.389967	66.478894	88.987170	13.432613	-47.161972	66.110740	222.116751	126.040137	-52.644896	17.975902	159.587823	410.652513	172.649085	85.383453	64.354177	0.818852	0.947522	0.901723	0.846458	0.985687	0.857455	0.948946	497.410865	240731.030488	36.605952	1008.269160	1070.217630	90.344995	1708614958.016263	0.000000
89.000000	-3.318603	0.805168	52.158729	103.136649	62.766920	-27.966478	17.076559	111.769527	214.642113	170.006478	30.249167	-68.783858	137.398420	405.569446	212.258279	140.464252	0.859597	0.845742	0.862557	0.945901	0.904735	0.939522	1.015308	525.182462	251937.919146	36.592191	947.394355	945.704471	93.250487	1708614958.020181	0.000000
90.000000	-2.518036	-1.381505	36.247053	91.802112	104.872718	34.871995	-5.504237	9.052866	128.098308	262.262559	226.615521	3.605073	-165.077481	-23.499296	273.444200	757.191654	0.824466	0.908176	0.907208	0.819549	0.923706	0.987769	1.001261	494.304488	240814.343676	36.597704	940.746285	1020.319189	91.102828	1708614958.023485	0.000000
91.000000	-2.167878	-8.745453	21.700454	76.043228	112.642748	96.725428	13.134301	-33.051380	37.486839	113.116211	179.768273	200.099005	152.593599	-4.192572	-67.455407	112.503016	0.891799	0.857117	0.843892	0.956303	0.904637	0.951016	0.971747	542.911767	272514.645098	36.598883	1033.547524	934.053638	85.610800	1708614958.027709	0.000000
92.000000	-0.756300	-10.811922	6.125926	54.451169	103.661320	120.590809	114.556281	82.256033	-5.003134	31.985504	92.759275	239.822281	415.558370	265.240552	166.409102	-53.181751	0.956163	0.885490	0.803910	0.879115	0.865791	0.867261	1.091914	473.100847	269290.477944	36.607722	1006.302331	1026.769401	92.042756	1708614958.032153	0.000000
93.000000	-0.015844	-8.361984	-9.395942	25.922056	73.793657	143.119514	171.407914	285.795909	72.859920	12.538022	-102.829879	29.243086	82.480947	172.383194	412.788558	281.670295	0.815529	0.904136	0.946142	0.916161	0.805562	0.998431	0.915026	451.759011	234464.173430	36.606415	1011.726872	1011.337411	92.073687	1708614958.035338	0.000000
94.000000	1.641207	-7.111941	-6.025887	-2.919756	33.900637	99.368407	131.392808	439.192559	163.778629	141.228049	86.273222	21.752572	-101.144610	-69.347784	-23.734477	126.477256	0.894949	0.872646	0.910222	0.912725	0.973800	0.928988	1.078127	507.382269	243932.324464	36.594910	997.983286	1042.793284	97.020616	1708614958.039515	0.000000
95.000000	3.200843	-4.555512	-6.913782	-21.650403	9.464959	24.057567	79.258157	149.907373	194.612737	202.875945	247.772335	246.294068	360.880609	107.500545	141.593750	114.153288	0.951142	0.827311	0.974780	0.864878	0.885686	0.970421	0.907357	520.915049	257765.128618	36.594723	1025.773095	1056.771179	94.120983	1708614958.043661	0.000000
96.000000	4.557524	-0.075985	-11.429519	-22.314817	-5.585814	-12.237900	-8.254333	17.295694	75.634972	130.860315	204.616639	216.469812	554.454053	465.792006	769.146614	429.317430	0.877726	0.830012	0.969730	0.876767	0.949522	0.903158	1.026722	511.047540	236197.045897	36.596793	914.626827	1029.189064	96.340508	1708614958.047839	0.000000
97.000000	6.380320	8.825964	3.426354	-1.657484	0.588012	-9.844369	-32.628387	-38.808032	-68.706803	7.517230	-72.859372	-32.693291	89.175774	84.155376	252.468010	166.322371	0.983748	0.828176	0.881161	0.907563	0.956400	0.919475	0.905272	520.468986	274819.069393	36.596979	930.982113	973.735907	89.385187	1708614958.051240	0.000000
98.000000	8.314032	14.216862	16.995329	17.680609	20.070804	9.301792	22.896949	26.583327	-16.445135	-35.740154	-10.032304	0.871384	59.269498	82.166697	-190.587048	-36.633702	0.843876	0.945061	0.946513	0.929594	0.847026	0.862621	0.970699	467.675634	256486.732830	36.605740	1051.105557	1070.493767	97.144153	1708614958.055902	0.000000
99.000000	10.000000	21.330036	34.712750	47.515428	64.005452	86.279268	93.425155	106.176695	139.367330	289.486159	171.816690	353.906650	237.563232	259.427182	187.759169	255.799343	0.821779	0.999960	0.987141	0.867925	0.810913	0.993885	0.989548	468.380891	232625.359517	36.590161	963.851609	960.118455	85.476611	1708614958.059340	0.000000
100.000000	11.781249	28.193734	51.644138	72.618290	93.766817	126.763981	159.493864	157.035590	191.228308	463.299802	222.770397	415.912934	275.069985	195.380471	291.056886	178.635370	0.913727	0.860384	0.956120	0.905891	0.943427	0.886840	0.943387	500.371151	252702.208888	36.598502	1045.458394	998.152615	94.055098	1708614958.064484	0.000000
101.000000	13.672666	34.507571	59.846536	84.043048	118.371518	122.765419	156.833339	176.082862	141.314287	240.335277	95.591435	95.498299	51.675855	-85.171437	-114.550060	-186.581676	0.864327	0.813713	0.935492	0.812679	0.882757	0.982127	1.048611	462.542098	239110.077267	36.604870	929.662273	1069.524183	81.146417	1708614958.067945	0.000000
102.000000	15.325347	38.527150	72.943083	97.124521	100.518410	110.510455	83.465596	50.819902	-7.712580	-54.615208	-102.942797	-28.719595	39.696775	151.097315	172.672796	209.516736	0.826434	0.961334	0.828184	0.840998	0.860751	0.871877	1.053907	458.733912	251990.125493	36.595521	991.897447	956.307824	83.982487	1708614958.071618	0.000000
103.000000	16.889000	43.338446	68.493465	93.872631	84.344770	48.238598	14.943327	13.845556	12.804965	27.228534	63.513582	196.161931	243.123540	750.731920	302.656777	260.212133	0.945001	0.935201	0.994766	0.979655	0.834427	0.965204	1.081361	528.105022	243898.258356	36.598290	956.012964	1053.916313	90.987292	1708614958.076140	0.000000
104.000000	18.594781	48.604857	72.710766	63.528260	39.301117	-6.456488	-89.695732	-29.531508	59.887743	150.201680	261.767842	362.145130	222.449985	133.046522	31.699505	-299.905329	0.944167	0.834999	0.982848	0.953212	0.808267	0.915417	0.931347	490.587362	264022.915439	36.599376	1017.517154	976.723493	82.307524	1708614958.080332	0.000000
105.000000	19.980011	48.864204	62.447000	38.499573	1.576109	0.071393	-0.730976	87.489165	196.720486	239.699984	185.136327	91.986258	64.394213	34.344680	72.009005	465.313540	0.807022	0.876830	0.964653	0.944809	0.875171	0.881814	0.973858	501.104774	232667.040449	36.609259	910.584495	1038.165802	88.647323	1708614958.083959	0.000000
106.000000	21.267266	46.803721	47.692298	13.004097	-32.744518	-4.573121	188.970382	163.672234	171.778491	137.040371	41.043706	-25.946962	45.004403	170.009148	491.656131	543.820325	0.970289	0.985335	0.989724	0.808737	0.949968	0.861569	1.052889	526.475977	274119.353906	36.591413	1011.809030	945.887661	89.438041	1708614958.087359	0.000000
107.000000	22.179669	46.055796	31.159661	-15.746745	-11.669693	59.895546	136.690486	194.114090	190.673206	-68.597087	-38.495041	130.538627	289.934260	319.773148	135.627366	47.745400	0.915655	0.822661	0.984937	0.973823	0.945303	0.940140	0.972237	521.475751	249046.093731	36.595595	988.794701	999.660504	91.887013	1708614958.091960	0.000000
108.000000	23.156338	41.259120	17.387182	-21.640516	18.806566	126.041457	140.387471	82.396281	-76.341436	11.452079	178.445949	196.436412	171.601387	-11.980826	-77.607380	159.136282	0.886832	0.997645	0.902932	0.887150	0.932966	0.888711	1.046224	480.201591	260738.071040	36.605731	1024.163013	1073.222552	94.568296	1708614958.096116	0.000000
109.000000	23.093773	36.082752	1.646197	-19.352404	61.335302	146.167087	97.872725	10.302790	3.125855	148.753128	522.846517	133.993907	-86.084112	-36.214224	208.002432	329.826069	0.931155	0.839877	0.981788	0.891747	0.834635	0.897608	1.025122	453.324986	270016.949344	36.599892	948.653678	999.229935	95.361204	1708614958.099503	0.000000
110.000000	24.183958	28.217150	-9.863637	11.732369	93.500075	116.502731	14.734162	-5.379161	122.980115	247.798575	205.883776	5.779018	90.877315	428.643175	228.976686	0.746780	0.914290	0.977219	0.873640	0.898571	0.950526	0.951435	1.047220	548.810083	252531.088993	36.592763	1092.339197	1001.301831	93.109159	1708614958.104229	0.000000
111.000000	23.749635	22.165884	-14.179343	34.823596	111.582032	71.583304	-41.564491	67.287529	241.969200	119.565518	-48.225270	69.151475	260.337988	186.996032	-8.343255	131.499206	0.991682	0.850277	0.846884	0.832531	0.947922	0.981955	1.062043	482.223767	271415.478100	36.599506	1055.343295	949.510719	91.735135	1708614958.107664	0.000000
112.000000	24.194674	14.934306	-15.778117	59.981836	106.734009	9.744692	-23.911086	177.215109	182.116297	-57.095371	77.876399	307.332745	175.823614	49.731537	362.940609	541.737114	0.805150	0.803280	0.953604	0.835256	0.858164	0.989062	0.916813	489.656688	263561.384033	36.595244	1007.141244	925.225604	95.485555	1708614958.112015	0.000000
113.000000	24.531869	7.739935	-6.539430	89.596679	84.944257	0.351505	74.130570	184.986185	13.484603	-48.062686	306.449060	178.698822	-122.114191	172.132180	742.814796	45.305943	0.905478	0.960092	0.811413	0.886187	0.812240	0.944979	0.968332	457.536379	233514.040413	36.603858	1060.206585	949.299860	83.923384	1708614958.115409	0.000000
114.000000	23.844058	3.499627	7.462621	94.575461	37.452773	-5.436937	126.349876	116.463272	-23.688467	174.048395	226.423202	17.170822	247.441211	430.699028	37.182059	83.102778	0.870637	0.996920	0.830454	0.949642	0.887956	0.895155	1.024366	469.519267	263546.708689	36.592566	934.815848	1085.461562	92.600296	1708614958.119788	0.000000
115.000000	23.435822	-2.591738	24.382790	85.007800	2.355563	34.428371	169.752213	-5.807801	35.149885	309.980857	66.929003	49.441733	525.581038	72.892256	99.469243	461.148486	0.939152	0.916192	0.829891	0.959479	0.962384	0.853197	0.900493	528.038540	235029.670670	36.609175	1047.305815	995.585789	89.494584	1708614958.124252	0.000000
116.000000	22.279498	-7.205731	40.170139	80.339790	-10.294320	93.573812	101.622499	3.718832	179.173382	136.665453	-52.699165	308.549386	120.259949	-52.899514	325.791610	99.495113	0.827524	0.865880	0.992271	0.996715	0.944238	0.870285	1.057095	524.969387	259019.434739	36.606221	949.851188	952.314906	82.717776	1708614958.127483	0.000000
117.000000	20.977608	-9.538426	52.230407	52.099243	-13.744941	162.661064	39.607561	45.274033	255.138944	-6.080665	137.121761	194.294576	-31.466034	297.811791	140.339173	109.784785	0.826898	0.973246	0.906893	0.915005	0.843405	0.961016	0.974683	510.604113	264297.732227	36.595272	970.087932	955.602436	80.182873	1708614958.131924	0.000000
118.000000	19.541491	-7.396783	69.180611	23.980161	25.545332	115.166229	-4.184355	133.383005	105.486145	-38.659990	180.763182	45.238654	192.720409	423.070499	83.740737	483.755484	0.897682	0.955539	0.824153	0.996133	0.906902	0.974338	1.074856	450.614727	236695.318841	36.603453	1051.769384	1049.390439	83.525539	1708614958.135414	0.000000
119.000000	17.950504	-7.841471	68.565999	-4.491835	62.420084	91.162098	-33.784187	166.180942	-57.207716	153.313485	139.123450	-25.524401	269.220357	-208.552509	345.628369	283.991362	0.949872	0.920879	0.905370	0.979588	0.884641	0.979865	0.991402	455.991653	259414.166755	36.604740	1047.791902	1080.422098	81.801869	1708614958.140080	0.000000
120.000000	16.772764	-0.854889	68.858125	-14.501334	100.776561	25.594222	62.269200	115.014827	13.577307	251.787082	-41.725324	481.326027	92.510437	230.446486	223.596161	-24.303204	0.934960	0.901122	0.811758	0.895360	0.909587	0.874913	0.967404	504.148980	275659.766523	36.606725	940.334340	1010.632323	86.576085	1708614958.143295	0.000000
121.000000	15.389539	2.823617	71.154768	-11.454240	113.349263	1.087628	128.231777	20.013465	108.365583	136.754381	73.315151	423.602588	-135.086108	371.683221	96.718005	805.622723	0.834825	0.968320	0.905909	0.981129	0.867955	0.928698	1.088251	478.951445	265165.134171	36.605667	1054.150407	1093.998470	83.458291	1708614958.147706	0.000000
122.000000	13.627901	6.682542	55.825438	-2.754081	122.620511	-16.879911	185.077196	-48.571120	211.668490	16.075064	178.114197	-20.664794	208.716299	84.007902	158.158356	196.026052	0.980742	0.881008	0.991420	0.880631	0.870003	0.880255	1.015454	470.484438	261297.280414	36.599974	973.482037	1086.441826	87.353785	1708614958.152383	0.000000
123.000000	11.782912	14.811861	42.759522	17.504057	84.860450	31.185080	129.458451	46.237625	180.865256	20.003922	226.801580	-75.383812	231.892350	-154.517268	363.207302	-159.734841	0.805765	0.803969	0.843538	0.875429	0.981584	0.822663	1.024133	545.918569	253086.497085	36.601718	1029.456817	990.648248	96.361497	1708614958.155819	0.000000
124.000000	10.000000	21.444352	25.959688	48.073872	36.973731	86.767372	36.588564	219.538994	24.844945	365.079376	6.311455	230.770318	27.521531	312.665488	-43.504704	356.181011	0.887163	0.923448	0.884503	0.947881	0.918768	0.926983	0.975556	492.370091	230559.337970	36.603421	1094.025081	921.166842	85.514450	1708614958.160027	0.000000
125.000000	8.188818	28.724415	10.377655	72.186872	-8.635030	110.616998	-45.021746	368.035627	-21.211258	529.617558	-63.764261	312.325436	-85.602367	256.122085	-2.635734	240.632500	0.868184	0.832599	0.920841	0.822260	0.843839	0.916108	1.070866	529.442171	229717.780888	36.605323	1080.171761	936.087071	88.168718	1708614958.163460	0.000000
126.000000	6.309260	35.355231	2.015658	98.640909	-23.150986	150.202890	-25.183264	147.834945	37.650120	272.036183	132.006009	66.273310	204.064926	-117.070271	206.698118	-167.543717	0.842521	0.837831	0.924612	0.990894	0.999130	0.810601	1.039022	507.988333	243030.959466	36.595335	948.574643	1005.073965	89.652576	1708614958.168066	0.000000
127.000000	4.564678	39.476573	-4.050490	103.311638	-1.043787	107.945846	51.573599	61.967912	150.657615	3.129681	227.881936	-45.461875	312.371986	113.498230	286.740893	239.850690	0.949163	0.892258	0.812962	0.827183	0.849187	0.921367	1.027117	479.244195	255273.085126	36.594760	963.850432	1039.685078	86.781141	1708614958.171484	0.000000
128.000000	3.524888	45.028006	-6.733439	80.097091	27.296582	50.875399	121.669402	8.099603	227.368147	34.969374	147.752877	148.106144	-32.903867	359.860974	-4.852674	204.141658	0.865391	0.857424	0.902679	0.856966	0.839410	0.964372	0.971542	518.816041	271257.707288	36.609696	1001.192377	945.002285	90.264810	1708614958.176008	0.000000
129.000000	1.403830	49.154405	-5.692543	68.407595	60.911921	12.434661	146.519391	16.681809	114.719457	189.595978	-19.216671	203.296293	-39.237760	135.164970	547.252734	44.378320	0.908731	0.976541	0.922750	0.834270	0.946328	0.949968	1.097989	505.676494	239384.510593	36.602500	987.054045	1021.038629	81.174425	1708614958.179500	0.000000
130.000000	0.047459	48.199828	-4.102678	38.639725	105.031221	-45.380693	147.256677	91.604431	-20.788762	291.036736	57.003541	85.055180	236.674967	-36.692897	260.374634	192.345751	0.921353	0.831460	0.831652	0.945417	0.931085	0.949718	0.962073	546.449390	247429.805153	36.605563	926.875509	1098.997242	81.630811	1708614958.184062	0.000000
131.000000	-0.370557	47.462372	11.788596	12.631512	136.119184	13.385779	51.538251	211.161416	-29.740629	121.257235	376.116171	-10.356874	264.157349	185.558810	79.317575	278.935393	0.908580	0.980072	0.818102	0.813037	0.892240	0.850340	0.924346	479.777096	272536.626179	36.603776	1097.801130	922.888311	87.185145	1708614958.187462	0.000000
132.000000	-1.771652	47.136730	28.888262	-17.831446	99.602430	59.882506	7.996202	181.326943	93.523668	-13.454368	409.352242	129.850514	-79.497107	259.653280	162.867066	29.527074	0.826969	0.944946	0.920411	0.868944	0.987779	0.994766	1.088407	457.703964	265657.718582	36.600444	933.448106	1058.799152	80.737245	1708614958.191843	0.000000
133.000000	-3.326116	42.067556	46.233397	-20.036593	77.133677	119.856403	-44.814728	83.255957	215.594520	10.090244	141.351127	229.277511	110.654943	1.503349	363.448034	159.476325	0.974825	0.823117	0.895989	0.981023	0.856089	0.832906	1.004945	470.447136	278591.287544	36.595605	1093.330395	1012.961128	87.523443	1708614958.196327	0.000000
134.000000	-4.037790	34.276703	58.175610	-3.086591	32.519182	169.307919	40.121014	20.481977	311.444973	178.663725	-110.306542	126.189611	662.630268	47.715929	82.097374	822.299641	0.810403	0.985726	0.890084	0.896128	0.823139	0.804210	1.061871	512.418792	266297.004226	36.598350	1057.868354	949.825734	99.902177	1708614958.199898	0.000000
135.000000	-3.373349	29.106130	65.825683	1.668901	3.532337	127.897828	120.852296	-34.858367	96.777511	191.872376	109.778222	-79.815022	209.666744	529.558713	2.236346	42.000325	0.991699	0.969628	0.962433	0.804676	0.994190	0.928242	0.974060	483.201955	230461.752747	36.599675	977.235725	1004.072554	99.801290	1708614958.203206	0.000000
136.000000	-4.356567	22.350765	69.521777	33.829080	-5.343931	69.407603	159.007252	67.186730	-90.263455	137.023413	250.759205	103.418997	-41.697367	359.466750	226.899180	200.713272	0.996979	0.833240	0.903330	0.908938	0.873830	0.972069	1.064888	473.067004	270189.029918	36.593134	956.986485	1089.256725	84.596086	1708614958.207616	0.000000
137.000000	-4.226925	14.828216	74.535040	61.017889	-25.365936	-4.481315	160.703345	162.111994	24.853672	7.071927	197.213108	193.362645	120.057375	-99.049036	140.773034	442.152869	0.865959	0.961540	0.949930	0.822387	0.923127	0.988514	1.070475	457.895950	277639.936496	36.597144	1035.497051	1057.471413	80.252705	1708614958.212169	0.000000
138.000000	-4.455844	9.279352	66.316999	90.691259	23.704911	-29.976841	65.081526	176.213877	154.583671	11.140169	-53.926902	186.449699	414.478369	150.426905	-47.902271	-19.840777	0.844499	0.811553	0.804897	0.912579	0.853690	0.897170	0.933494	490.735138	263653.884379	36.599373	985.791904	967.396184	88.747764	1708614958.215635	0.000000
139.000000	-2.783560	2.519889	49.555105	103.157565	63.604586	3.011504	-25.493369	117.838433	255.278100	188.923850	22.408783	-44.861038	135.321299	301.856147	231.292034	56.743390	0.982688	0.986509	0.831173	0.888050	0.818921	0.982548	1.047518	501.410320	232129.615891	36.609195	942.664288	1044.225365	98.623161	1708614958.219870	0.000000
140.000000	-2.211550	-0.722177	36.220001	95.944983	102.514205	41.761227	-78.720530	-13.730222	133.121369	215.479682	230.291346	112.615253	-164.777064	11.083016	277.286558	214.709779	0.868315	0.876877	0.927301	0.973661	0.978724	0.805272	0.971322	538.637117	261855.678838	36.599433	938.221208	998.741242	81.354246	1708614958.224380	0.000000
141.000000	-1.533836	-5.759236	19.349502	75.833044	112.194827	91.964744	41.364834	-15.138661	-6.482339	133.980312	261.599462	592.578113	152.143787	78.454743	-67.836097	93.346798	0.948014	0.822664	0.835240	0.924506	0.956834	0.906890	0.990554	499.618311	254955.280570	36.604475	918.697087	990.812822	80.693910	1708614958.227846	0.000000
142.000000	-0.370969	-7.790083	6.276440	53.757312	110.983114	139.026598	112.004451	24.306110	-29.985183	-23.644756	78.613175	210.485621	251.876549	203.324315	169.473097	107.175622	0.870609	0.812999	0.821739	0.866398	0.968861	0.895785	0.921331	459.962607	231870.695079	36.599460	1015.074544	927.620785	81.977308	1708614958.232046	0.000000
143.000000	0.215913	-9.616700	-3.556414	21.662951	72.755720	136.668286	138.245348	119.939172	78.055531	-36.766798	-84.029865	-75.358207	98.182765	224.511214	766.250908	483.317118	0.862678	0.866402	0.958181	0.892592	0.981509	0.920334	0.991725	523.914836	271848.621723	36.608204	1024.867978	1045.010987	81.306907	1708614958.235502	0.000000
144.000000	1.762301	-4.637950	-15.790660	4.538597	33.150491	92.137294	123.579937	231.567613	157.544883	142.863039	80.971529	-54.755439	-70.431326	-27.400103	105.569472	129.780561	0.856258	0.842466	0.815077	0.944454	0.864291	0.919361	0.901747	548.697460	260147.388371	36.608252	987.473286	983.110182	80.216092	1708614958.239973	0.000000
145.000000	3.299243	-0.936451	-15.101587	-5.129841	7.445997	34.517915	77.853562	114.742523	229.947569	203.051247	315.896649	287.148227	154.607227	131.246208	152.191955	-94.679418	0.820268	0.910186	0.802319	0.862831	0.982944	0.825078	1.096331	470.038430	258318.255884	36.600122	1093.104311	1098.903062	90.928917	1708614958.243405	0.000000
146.000000	4.826521	2.675479	-2.167956	-4.658918	-5.997148	-29.555905	7.680422	12.631353	73.863024	113.142388	157.075810	256.466885	276.996509	382.847147	501.776503	336.497683	0.883095	0.837477	0.899173	0.957674	0.885743	0.851893	1.003595	473.982186	259577.168246	36.596644	1053.241755	1015.529540	81.646180	1708614958.247870	0.000000
147.000000	6.422133	7.934885	6.274612	-3.751392	-13.917877	-6.978365	-53.323825	-54.525075	-72.058207	33.166696	-13.176585	-4.393659	53.443098	63.317449	143.410265	191.828928	0.920432	0.970876	0.957234	0.800676	0.954802	0.919271	0.933279	476.481610	271673.979291	36.603429	1076.936187	1077.368069	81.275607	1708614958.253224	0.000000
148.000000	8.220874	14.447784	17.385162	19.450875	25.518262	30.696676	11.468853	22.522938	-23.820176	-20.371187	0.467237	-22.617956	48.219975	10.775000	79.937727	114.477014	0.914060	0.879923	0.909601	0.892013	0.824721	0.917541	1.053430	476.225089	273388.130452	36.600916	1077.272659	974.886073	88.710857	1708614958.255556	0.000000
149.000000	10.000000	21.365154	33.904089	48.680493	63.409244	81.729752	105.973291	116.225159	137.155788	338.380753	193.608381	253.062316	190.168529	339.484042	378.351608	508.630264	0.879091	0.856527	0.973701	0.979451	0.966379	0.855386	1.008769	455.156679	234866.332895	36.597465	1065.012746	940.259092	86.255611	1708614958.259997	0.000000
150.000000	11.851881	28.852639	49.889483	70.784046	106.090469	128.279221	143.222305	180.586439	178.313151	487.945954	278.425158	346.834342	288.849217	340.270775	194.078161	501.000466	0.823005	0.866846	0.948551	0.994626	0.950108	0.853231	1.037787	524.342241	228257.109929	36.590358	997.658627	1071.107338	84.668159	1708614958.263452	0.000000
151.000000	13.420158	35.916428	60.945286	93.480419	109.620434	144.022517	181.578738	139.865675	144.374217	235.218957	94.477883	27.205376	-45.928835	-71.287618	-39.860669	-220.140564	0.874512	0.897533	0.979591	0.939890	0.847104	0.950157	0.918091	506.201250	232817.250421	36.595100	1061.157532	1076.921597	91.234975	1708614958.267770	0.000000
152.000000	14.971654	41.728274	72.789939	94.752930	117.369216	111.549153	89.140792	52.492352	39.205426	-9.082572	-35.518837	-123.218059	6.361461	107.548365	169.012435	199.687161	0.998150	0.866115	0.987780	0.998094	0.857517	0.924419	0.963275	507.680024	236013.934047	36.595608	1065.695553	1029.333428	91.194048	1708614958.272220	0.000000
153.000000	16.505685	43.872289	77.131092	78.147858	85.347069	51.688637	9.935205	-66.292249	-85.337583	-27.569102	161.831990	180.816766	432.870901	566.191950	345.990409	366.425097	0.952579	0.944999	0.869973	0.838372	0.939191	0.913079	0.946644	522.679297	234372.756139	36.602092	1032.466048	930.704180	94.677259	1708614958.275689	0.000000
154.000000	18.369022	49.823955	67.487124	62.551327	35.533360	-16.799186	-12.477579	15.772287	65.729053	172.712099	461.820122	364.115858	271.448580	298.643047	-8.729274	-43.983007	0.927978	0.820019	0.922955	0.919159	0.836208	0.943194	1.067864	546.988068	252442.558732	36.604452	1042.492930	1021.327691	94.362445	1708614958.280242	0.000000
155.000000	19.950933	50.200922	60.080446	38.421677	-0.639585	-7.030515	4.630970	185.371935	158.577019	175.967724	389.383910	99.046135	45.809976	-107.046525	4.273311	222.267723	0.815737	0.859275	0.819587	0.802047	0.818030	0.905263	0.960874	537.043480	265500.689567	36.608847	1049.442701	1053.092110	92.195206	1708614958.283557	0.000000
156.000000	20.497729	49.055469	45.963190	16.242159	-28.271957	10.437640	82.722666	400.670025	159.491962	120.031222	26.122129	26.381932	27.236268	236.770387	341.177401	367.981941	0.925891	0.995950	0.815727	0.995738	0.974755	0.835677	1.074016	475.956065	261080.338780	36.605516	968.673379	1017.266343	94.246916	1708614958.288000	0.000000
157.000000	21.532851	43.270987	31.224554	-17.952802	-19.304629	59.869835	181.746102	189.996340	87.428826	-21.854998	32.595979	124.933518	322.573936	205.011727	127.129133	-84.452862	0.930072	0.826949	0.903647	0.963341	0.828366	0.943464	0.999953	500.128499	271640.057527	36.601380	992.922813	1077.963719	80.680477	1708614958.291485	0.000000
158.000000	22.169687	42.526083	16.850580	-13.420868	18.677520	122.895647	189.895441	83.483709	-33.022950	-12.211156	167.645106	376.719191	224.410924	-72.519835	-164.370229	158.940684	0.860626	0.837920	0.815974	0.942058	0.838188	0.895898	1.046245	475.266983	241528.898161	36.591890	1075.704713	1095.092775	84.158741	1708614958.295951	0.000000
159.000000	23.680890	34.495109	2.540412	-2.039342	62.268344	132.203171	92.718565	-45.270282	-36.856404	172.572458	219.082770	240.326482	-98.175493	103.526817	524.606987	445.195140	0.885384	0.831766	0.990922	0.898955	0.986742	0.964062	1.012082	542.493952	270394.701836	36.597889	922.093387	933.500473	82.072800	1708614958.299443	0.000000
160.000000	24.123458	28.483798	-7.525294	2.558085	108.554880	130.406809	22.909102	-52.257419	138.619803	258.061593	110.238266	-56.590541	54.900864	206.261112	493.971519	26.474657	0.998725	0.892396	0.841288	0.968925	0.839748	0.967883	1.057858	481.217598	257714.314219	36.607533	1084.928164	1061.317101	94.902407	1708614958.303885	0.000000
161.000000	23.750843	22.127142	-9.343810	34.019438	119.846937	69.427966	-12.503298	59.666706	431.261470	112.596521	-111.393756	168.360525	221.553563	166.595142	-32.408820	131.723968	0.866013	0.830618	0.819859	0.998164	0.967312	0.946051	0.950235	536.548279	258767.466803	36.603022	920.076563	931.518598	84.804051	1708614958.308318	0.000000
162.000000	23.831470	15.457684	-13.699061	57.995289	123.508234	22.166079	-20.624927	144.318237	366.190810	-12.634263	46.082759	346.749070	144.697116	-64.772538	163.445527	207.338434	0.994644	0.929534	0.982647	0.861000	0.975587	0.868308	1.005026	474.515294	257377.401849	36.601737	1069.981893	902.481726	98.764146	1708614958.311779	0.000000
163.000000	23.999183	7.305489	1.199926	78.820289	86.417384	-19.544242	74.629029	202.415481	51.954181	2.077117	195.624651	197.574082	24.195843	165.281589	425.974490	-45.877558	0.955578	0.983251	0.833336	0.801526	0.929717	0.903919	1.008076	536.871654	263136.966497	36.594530	1056.595030	942.744564	93.503190	1708614958.315986	0.000000
164.000000	23.867754	0.776271	11.439860	102.760589	38.786363	-24.970794	158.302705	113.653843	-56.501593	147.052831	230.498171	28.687839	127.323364	264.810534	61.438997	11.952187	0.870866	0.900442	0.878985	0.994511	0.876527	0.888588	1.056044	488.234660	259193.722549	36.604347	926.539982	902.157861	94.473821	1708614958.319463	0.000000
165.000000	22.888942	-2.591083	24.198007	85.209262	10.030775	43.075213	189.527974	-16.854572	58.237453	202.997644	39.984754	87.486058	205.907184	81.347532	113.446472	778.104851	0.839021	0.955237	0.926581	0.998212	0.845545	0.902832	1.087005	477.848671	257440.859362	36.600419	1019.738711	958.097626	86.035607	1708614958.323922	0.000000
166.000000	21.402497	-5.692142	40.009112	77.923045	-14.255449	93.054010	122.683813	-56.724448	193.383500	127.046240	46.021825	308.911711	112.021996	-59.462116	214.501343	151.343229	0.963176	0.970082	0.995242	0.972807	0.914922	0.839882	1.072726	466.265521	243841.009513	36.603724	965.531399	1069.391801	81.280703	1708614958.327450	0.000000
167.000000	20.765240	-7.885552	55.848114	54.901322	3.715105	121.853941	20.986447	25.666982	187.030952	-37.478405	148.424316	197.371314	-76.771510	323.381562	127.775791	56.581897	0.966313	0.856080	0.873619	0.840176	0.864756	0.804172	1.067341	537.698943	267469.908341	36.606539	949.535357	963.550308	96.927165	1708614958.331672	0.000000
168.000000	19.325220	-8.059117	68.338833	24.787664	17.151536	159.482529	-38.642656	151.049252	106.797729	39.240325	259.709772	0.456090	145.253082	239.341675	-15.429370	394.974506	0.875941	0.846344	0.962940	0.850957	0.859660	0.976839	0.946278	534.099982	229001.407867	36.594990	1099.061018	929.990910	93.966153	1708614958.336377	0.000000
169.000000	18.461447	-9.067151	75.831594	-3.310537	67.457840	96.811907	-11.332371	214.565089	-8.220361	173.617397	130.461960	-39.837472	345.577926	3.444577	386.525494	144.696213	0.957866	0.886567	0.804339	0.842287	0.875713	0.968116	0.957925	514.248580	253911.093893	36.603616	1015.047832	929.448722	94.101771	1708614958.340248	0.000000
170.000000	16.658941	-2.524235	75.537432	-17.232325	109.201130	30.184119	62.239396	116.646798	-0.189512	236.524487	-77.115420	287.309156	130.500496	241.340317	325.352758	-142.855137	0.856105	0.839900	0.804269	0.829148	0.920935	0.810646	1.082622	530.299309	242494.853678	36.604382	1004.773836	1059.158137	85.035389	1708614958.343685	0.000000
171.000000	15.179916	0.477528	61.171337	-11.242854	130.448110	-28.208377	163.087598	29.842287	110.151165	113.311591	12.919633	196.233721	-68.973797	542.135790	71.661063	234.113009	0.989071	0.948575	0.826662	0.849352	0.853082	0.972888	1.026138	486.868743	234816.379501	36.600644	976.893793	932.060086	93.599294	1708614958.348505	0.000000
172.000000	13.591735	6.703872	54.796599	5.492279	108.609178	-2.976656	135.044878	-37.584205	261.103619	21.478591	206.024117	-43.524193	362.475979	113.512334	155.090661	168.466709	0.978893	0.826454	0.805960	0.872282	0.914601	0.977943	0.997522	485.539054	234448.941661	36.594443	1035.662737	938.393357	90.791520	1708614958.351950	0.000000
173.000000	11.690422	14.899185	42.313653	18.588436	85.853855	7.832909	112.543857	27.889888	168.801977	-0.004056	208.589473	57.632282	195.942527	79.890881	202.255747	-64.244539	0.985155	0.924375	0.982483	0.831488	0.803841	0.980032	0.938408	540.725709	263985.692006	36.594896	950.991889	1032.693567	90.710708	1708614958.355365	0.000000
174.000000	10.000000	21.294951	25.944658	47.631831	35.520182	75.310344	86.580836	105.176759	32.109211	295.719879	51.384614	213.074116	59.618120	266.714064	-32.223676	244.791146	0.894493	0.912388	0.870600	0.843820	0.888536	0.869715	1.032077	461.091301	268050.828562	36.604220	918.315369	903.286861	91.943405	1708614958.359830	0.000000
175.000000	8.156812	28.132364	11.492455	68.884815	2.344882	113.629991	-20.527765	198.518106	-60.635871	540.629469	-55.557596	197.005449	77.544544	268.313894	34.006704	194.127988	0.891987	0.950997	0.876639	0.930084	0.924785	0.946297	1.079610	475.837078	275690.144292	36.609463	967.124434	939.830974	81.422963	1708614958.364993	0.000000
176.000000	6.427198	35.323512	2.728811	89.944136	-21.009398	118.849325	-27.805683	136.748086	47.676883	270.246690	279.810393	65.014339	216.345936	-19.815307	663.345678	-115.042192	0.998095	0.899717	0.978129	0.932567	0.973143	0.861566	0.921288	534.266475	250572.587793	36.601018	1077.398998	1027.470930	98.074559	1708614958.368001	0.000000
177.000000	4.830648	38.453073	-12.344528	92.886315	-2.252818	123.592502	53.780143	61.211593	138.191454	7.142085	469.254651	-99.011985	285.615872	70.893490	252.471301	219.773585	0.811342	0.806343	0.915936	0.992008	0.879303	0.814886	1.071834	453.685464	255592.956092	36.598941	1017.138862	929.279284	87.542435	1708614958.371982	0.000000
178.000000	2.854844	46.726374	-11.641215	96.071727	17.553918	46.451888	126.953505	-18.884408	270.012736	-51.090907	135.173938	157.829348	-22.279268	214.311591	-114.449203	308.449048	0.879669	0.844770	0.865340	0.888637	0.832553	0.980470	0.943341	541.730032	239738.442613	36.601610	966.147216	1088.716465	89.467262	1708614958.376006	0.000000
179.000000	1.856890	48.149215	-7.130381	63.754727	65.718702	-11.743361	181.263094	2.943985	106.703823	177.287186	-0.956370	619.622629	65.576200	136.125381	241.685359	-170.087403	0.917533	0.832430	0.826374	0.908913	0.918710	0.800863	0.963051	485.975412	244839.514814	36.593073	1028.077458	1046.393757	81.517177	1708614958.380007	0.000000
180.000000	0.316553	45.605095	4.099451	38.505683	109.765209	-4.505221	143.692265	87.295890	6.108534	193.715654	68.570169	176.184138	351.388995	-88.934176	206.906897	455.200756	0.869528	0.860257	0.830618	0.897486	0.976122	0.925849	0.919603	501.537853	254664.771672	36.602028	1053.418278	1025.530453	88.156026	1708614958.383529	0.000000
181.000000	-0.437261	50.046361	14.819702	12.260717	134.728083	-3.176259	56.876463	209.214540	-11.750095	118.953362	239.687585	-38.991758	184.340841	235.730807	9.169001	700.459122	0.858886	0.924252	0.942595	0.838915	0.959481	0.978497	0.939253	494.591245	265252.807195	36.609169	953.989005	1079.113435	80.417634	1708614958.388017	0.000000
182.000000	-2.021096	43.380157	29.050705	-14.507576	119.033828	59.875587	-4.227462	171.696900	92.962755	-35.919457	283.544003	131.907553	-0.864245	220.548422	160.494829	25.055826	0.869288	0.856325	0.803560	0.822359	0.979101	0.943423	1.047599	546.807409	238853.278268	36.609370	931.020597	1061.779073	92.928967	1708614958.391578	0.000000
183.000000	-2.453383	40.580003	45.625603	-20.002264	82.313559	114.808771	-38.839133	83.995314	155.884296	-4.155236	43.714629	349.322951	43.775950	-24.028470	379.992481	159.738076	0.962156	0.956991	0.962369	0.872612	0.913839	0.970512	0.933665	516.958054	243361.878750	36.604151	937.078132	950.694978	85.831144	1708614958.395932	0.000000
184.000000	-3.934622	34.880145	60.121558	-12.518606	33.978890	146.417072	36.416356	17.114857	150.879110	157.887356	6.040154	127.250904	210.083202	-37.545856	16.080534	385.584650	0.978174	0.827984	0.854113	0.987197	0.952165	0.828807	1.059373	529.954293	240834.370604	36.599818	1054.005423	1082.745349	96.402603	1708614958.399095	0.000000
185.000000	-4.287521	29.887735	71.943081	5.779035	6.623247	125.999278	121.385459	-62.938711	65.791535	246.109611	109.568136	-3.224492	200.929868	232.007057	4.539361	-148.823768	0.947739	0.978801	0.806601	0.833671	0.984676	0.958364	0.933997	516.884859	241735.306513	36.594727	1062.629972	911.381793	82.215048	1708614958.403279	0.000000
186.000000	-3.666680	22.261725	76.426261	34.824232	-26.318105	68.575668	151.642843	123.139368	-40.292542	116.355498	336.541028	80.321231	-18.043107	334.800172	325.084614	90.615704	0.951358	0.886287	0.935029	0.921821	0.994432	0.959604	1.077066	499.316445	242126.778759	36.594967	983.253827	985.226907	82.443414	1708614958.407429	0.000000
187.000000	-3.526220	15.429608	75.972403	62.415078	2.288011	2.963170	146.924365	312.423623	10.529499	-81.990569	170.725308	360.622628	103.811476	-168.522645	126.224399	521.752446	0.856666	0.989800	0.809485	0.805145	0.981343	0.868916	0.982656	511.935508	261674.312776	36.607470	935.907560	1064.057480	80.298600	1708614958.411574	0.000000
188.000000	-3.700551	8.550152	64.372807	80.523609	13.653967	-38.870000	65.837717	175.912975	318.957754	-47.766855	45.874480	186.348157	276.062754	372.319285	44.020121	-28.815605	0.861706	0.948765	0.960256	0.895230	0.805947	0.847747	0.914011	538.690659	234725.548583	36.601862	932.787648	1012.976551	95.813318	1708614958.415724	0.000000
189.000000	-3.376357	0.530867	50.347131	90.299973	62.407207	-23.277083	7.022027	102.982947	475.719036	168.440885	-29.124329	30.928593	284.484531	268.496828	187.573631	137.096514	0.993579	0.997131	0.850906	0.857686	0.893153	0.955565	0.930073	470.624643	234781.354568	36.591716	905.158711	1061.228348	97.190171	1708614958.420161	0.000000
190.000000	-2.682055	-2.862055	37.295666	101.089195	109.014620	32.529913	-42.277460	-0.952986	267.748327	297.487086	196.117893	89.668581	-82.801077	19.845795	207.029726	356.775717	0.905863	0.853680	0.945279	0.807433	0.814510	0.921940	1.022992	452.828649	250675.940528	36.598970	1081.613339	941.851180	99.088734	1708614958.423657	0.000000
191.000000	-1.402913	-8.251253	21.026810	77.013569	108.130128	101.575492	21.911924	0.593141	-23.747025	121.017904	303.998315	354.352347	314.328836	-51.976663	-118.868619	125.985024	0.916704	0.868673	0.824250	0.872739	0.896118	0.889656	0.933743	536.953464	274511.037613	36.608981	932.267088	1020.832331	97.240358	1708614958.428060	0.000000
192.000000	-1.336834	-10.374995	3.448669	54.728053	126.826704	121.713095	118.663372	48.652379	-67.164625	5.199360	62.741832	230.368101	316.134735	230.416272	342.660457	45.622976	0.933181	0.976467	0.847356	0.884060	0.884696	0.941903	1.076832	480.350775	249559.335644	36.597757	979.360548	986.069657	85.392502	1708614958.431639	0.000000
193.000000	0.306981	-6.949385	-8.545916	24.563935	81.632679	139.262170	169.091292	127.135363	77.819554	35.769347	-17.687202	65.093969	94.543416	231.741271	755.725615	226.158022	0.803211	0.824138	0.950865	0.973081	0.923300	0.923855	0.916590	543.278150	234740.766412	36.590378	971.545645	1055.906569	97.144261	1708614958.436119	0.000000
194.000000	1.654272	-6.404374	-9.338186	3.302263	33.317470	83.041763	148.570507	149.334486	189.504954	157.669935	88.708791	8.704694	-36.323339	-110.558509	108.477265	244.573288	0.827174	0.920131	0.813079	0.817834	0.873665	0.940874	1.075995	529.706524	262737.098312	36.605906	941.935990	1034.107207	97.959246	1708614958.439667	0.000000
195.000000	3.490949	-5.089555	-7.023199	-16.348849	3.339020	28.433274	79.507178	132.013114	235.418228	220.129502	325.555362	210.207871	213.910085	128.485470	49.157099	-182.266301	0.904778	0.904215	0.902362	0.925942	0.900657	0.902000	0.969486	521.953972	252345.154840	36.598265	974.333023	1018.180870	83.520659	1708614958.444416	0.000000
196.000000	4.705678	2.524864	-8.593646	-20.941648	-6.583374	-19.608217	-20.549240	23.951957	77.013420	121.410655	173.850510	301.527788	246.192508	468.573082	386.913065	751.895913	0.824668	0.956802	0.919183	0.908797	0.937739	0.876886	1.049301	475.907971	233133.405741	36.590595	916.833259	900.782417	96.628741	1708614958.447924	0.000000
197.000000	6.512518	8.636270	1.165042	2.625385	2.161032	-24.561036	-3.870959	-20.332034	14.264405	-63.383177	34.881122	73.806623	6.605404	86.712595	136.472238	175.579198	0.952642	0.872760	0.944646	0.934859	0.878079	0.871614	1.038536	473.054125	231892.277650	36.600220	999.304766	936.583330	83.136644	1708614958.452381	0.000000
198.000000	8.283011	14.489884	19.621310	18.356941	18.633960	17.969467	23.078200	6.834144	-14.165979	-30.187142	-41.229268	-68.572886	-126.238126	-73.249167	-127.174461	100.366055	0.891294	0.859137	0.985582	0.911384	0.840868	0.835508	1.075354	517.419194	270581.248547	36.608657	1047.712621	942.626100	82.117360	1708614958.455687	0.000000
199.000000	10.000000	21.328184	34.208960	48.847096	66.197208	82.710454	101.713024	125.392685	137.415669	311.478359	361.922212	462.905216	282.287853	180.674771	234.932038	191.629835	0.832895	0.819382	0.831280	0.958380	0.964804	0.817070	1.014571	509.560301	245100.756328	36.607570	987.764940	949.693381	95.639928	1708614958.460603	0.000000
200.000000	11.696356	28.378919	51.824488	75.261343	108.907977	124.251241	147.971894	161.249428	169.953171	500.557776	212.183855	585.040538	205.157336	296.050948	198.067430	227.950303	0.967617	0.962620	0.956799	0.986905	0.944893	0.886639	0.904344	543.092369	249207.931265	36.601933	960.597274	957.143415	90.692533	1708614958.463948	0.000000
201.000000	13.574145	36.035754	63.458985	93.026086	103.263152	146.365785	186.232253	154.608855	158.818540	257.378239	93.385175	70.113929	-56.133542	57.574811	-85.557274	-243.318475	0.937992	0.948998	0.993225	0.843930	0.839969	0.964010	1.069741	466.972399	265219.687237	36.596308	999.876440	922.347720	80.515361	1708614958.467322	0.000000
202.000000	15.376793	38.465450	67.180131	92.172150	119.501578	95.971166	95.799299	50.391945	-5.027174	8.164803	-97.225036	-86.340102	55.724493	27.009415	161.575107	189.278299	0.812940	0.916231	0.849865	0.872308	0.945017	0.899159	1.025843	526.040614	265759.200005	36.591126	1032.238115	1068.061210	81.844627	1708614958.472413	0.000000
203.000000	16.583786	46.734357	76.636124	94.237458	75.541462	49.531605	-11.877859	-24.844251	-88.292627	7.619308	86.730492	147.202819	214.543754	843.099721	200.450580	383.679505	0.825791	0.996675	0.889785	0.845222	0.837339	0.943170	1.077513	523.167541	244880.205194	36.598253	1051.930477	1082.614853	81.419111	1708614958.475785	0.000000
204.000000	18.332777	49.463410	68.240345	62.319357	37.445604	1.760697	-25.539979	-9.237715	60.225204	156.438366	227.156814	380.077797	200.158841	291.770807	-58.996885	-156.483354	0.978520	0.967431	0.834974	0.865477	0.925750	0.812720	0.918726	526.892936	234808.491444	36.594441	1097.995793	929.137611	80.344296	1708614958.480242	0.000000
205.000000	19.894893	47.894802	56.645121	38.888757	-15.122643	-40.739044	26.664263	89.733212	185.296310	174.103064	242.979837	81.738031	-95.622489	-155.060499	-35.520388	221.526055	0.872747	0.936135	0.895676	0.937959	0.906067	0.890420	0.989130	529.113494	244383.547326	36.599467	1029.089770	1013.121048	94.207996	1708614958.483749	0.000000
206.000000	20.638161	44.981428	44.493419	15.071803	-9.989728	-4.937563	84.787441	167.827536	184.152450	133.361386	57.786498	32.354965	66.370741	176.239955	426.959622	385.396696	0.999395	0.996044	0.950416	0.862633	0.954662	0.883016	1.050249	509.015431	278356.266405	36.603476	1099.304958	984.004980	86.377137	1708614958.488411	0.000000
207.000000	22.031316	43.082769	31.196901	-0.106874	-22.415796	59.862020	185.510176	163.036344	88.297140	-20.349246	-38.696809	132.244005	308.193175	320.185971	296.195518	11.319009	0.858487	0.815594	0.919322	0.848520	0.807190	0.914020	0.900018	526.914833	234488.204939	36.609494	1009.929521	1010.232363	82.374216	1708614958.491760	0.000000
208.000000	22.241778	42.196101	16.156660	-7.103288	22.871261	105.142371	189.997625	81.948797	-14.453702	43.862093	146.378986	287.907109	431.040367	38.208692	-133.907094	158.978145	0.898190	0.884841	0.816512	0.801805	0.804213	0.934853	1.038571	512.902040	237654.473063	36.595045	1002.514697	1068.088941	80.356214	1708614958.496230	0.000000
209.000000	23.867004	36.739863	4.911527	-15.690014	63.913039	164.802515	215.629404	-40.715602	3.073559	159.370033	193.147897	140.590435	-107.912268	16.371485	513.548231	729.282850	0.943740	0.873958	0.902835	0.892446	0.868089	0.946270	0.935441	456.247703	275356.033215	36.598032	1049.282956	973.120914	83.663109	1708614958.499844	0.000000
210.000000	24.288260	29.823842	-10.119761	6.309924	89.295467	126.503364	30.643463	-42.141852	126.797034	242.262405	110.438135	-70.260621	174.935526	329.134393	250.421094	-146.902776	0.913357	0.974556	0.870956	0.884058	0.853275	0.830898	1.000443	513.538102	264430.149243	36.590830	991.298759	1084.037864	95.028761	1708614958.504866	0.000000
211.000000	24.558033	22.106957	-7.285881	33.655357	117.000931	71.740181	-80.377565	64.891682	271.437299	127.116916	-15.225017	68.844071	270.537668	169.645470	-1.468062	189.487689	0.962581	0.925472	0.880990	0.952171	0.934594	0.952126	0.938244	516.827518	260319.143622	36.601729	964.769982	1049.776275	90.724177	1708614958.508856	0.000000
212.000000	23.666064	14.593130	-4.675641	59.084544	97.488205	16.294606	7.775602	173.230532	146.496703	-27.678536	40.490706	361.412706	149.612050	-72.633089	170.936395	400.346494	0.842322	0.844767	0.916518	0.884627	0.988693	0.953334	0.984222	485.485450	272428.073195	36.608419	1076.030996	978.176695	97.440089	1708614958.512294	0.000000
213.000000	23.292079	7.990993	-6.913795	87.447019	84.510716	-23.155574	75.865386	211.761677	20.285948	-25.901664	250.657169	146.277313	-137.247733	159.545588	249.771519	-46.245893	0.857485	0.828500	0.820144	0.841815	0.923139	0.864382	0.942793	474.545047	243930.908695	36.595327	932.749623	1060.046167	89.948496	1708614958.515804	0.000000
214.000000	23.259114	2.247926	8.227925	88.438642	38.116784	-19.749698	124.943017	115.380461	-45.980564	142.822715	263.535444	14.233228	125.123950	203.600305	-53.218398	114.858133	0.801180	0.915329	0.983658	0.986730	0.803497	0.841710	1.040386	486.883922	254137.629268	36.604735	1030.209934	910.231776	97.182646	1708614958.520204	0.000000
215.000000	22.895622	-2.706148	24.118343	94.906382	10.264236	42.604132	186.345855	10.913824	85.349422	198.269763	-27.306980	27.840713	269.843898	108.613734	40.753862	325.795241	0.934854	0.914902	0.865623	0.967898	0.891584	0.960319	1.016761	549.380936	231875.757546	36.603847	1099.176302	1049.328834	89.682534	1708614958.523872	0.000000
216.000000	22.279681	-6.191509	38.679328	83.165273	-8.283468	89.439168	117.719313	-66.193607	388.603257	129.525329	-78.254675	277.410283	108.298319	-17.938711	236.963182	108.523760	0.876029	0.933035	0.916134	0.819482	0.811259	0.974417	1.057165	518.961655	263673.441284	36.600623	970.159434	1098.770494	83.804719	1708614958.528332	0.000000
217.000000	20.778400	-6.649338	52.108420	51.963304	-4.664830	164.509774	36.014593	75.471851	439.694814	-86.258519	155.006021	222.203338	5.829912	222.912704	136.155248	59.800385	0.944601	0.895740	0.832588	0.924300	0.800330	0.807563	0.943528	496.885943	267811.846249	36.597346	1051.399721	944.300760	98.484178	1708614958.531854	0.000000
218.000000	19.313473	-6.615300	67.307758	22.867822	13.748249	151.731685	-12.442985	293.333568	98.908583	-49.700402	287.977209	-34.738215	185.019027	260.370626	-140.241989	250.107370	0.961955	0.891119	0.978173	0.893519	0.821882	0.857429	0.940599	542.287298	246514.527330	36.598141	1028.014911	996.822338	99.390933	1708614958.536063	0.000000
219.000000	18.125660	-4.851194	70.336053	2.123157	64.286859	96.567359	-22.956872	188.929096	-50.058780	157.633782	250.801688	59.288565	293.766537	-159.118675	288.464648	125.966886	0.817341	0.894773	0.876406	0.923637	0.963391	0.989562	1.093459	485.997648	269612.827250	36.601535	927.437797	1098.707440	85.208026	1708614958.539275	0.000000
220.000000	16.610713	-3.028663	67.819771	-4.539648	113.944153	37.290354	60.453450	137.708824	-39.810234	211.791188	-36.092024	500.567192	70.804903	248.960237	259.600860	-182.039617	0.853672	0.888925	0.864213	0.984993	0.843834	0.979602	1.030351	487.854249	233038.824388	36.603952	989.344901	1035.219188	85.252127	1708614958.543800	0.000000
221.000000	15.192978	1.037705	68.897253	-24.801321	109.745942	5.519205	122.250135	42.228699	113.522412	134.292957	89.392923	495.969960	68.678349	594.236517	-186.450600	372.716855	0.882821	0.874859	0.887958	0.875026	0.923295	0.831518	0.976653	458.218236	274020.319269	36.605761	955.042385	907.257435	90.290058	1708614958.548254	0.000000
222.000000	13.417383	7.491869	51.968040	-6.397474	107.492299	-1.797157	148.009203	-9.006028	189.747206	36.595292	258.101551	-21.159804	193.974788	184.338178	174.109707	197.394565	0.883423	0.811233	0.919133	0.974260	0.963209	0.905355	0.952368	471.922084	234212.973695	36.605817	949.592360	1009.419644	94.449080	1708614958.551975	0.000000
223.000000	11.703629	13.792107	42.820078	20.176855	78.473666	27.470478	133.501378	-6.275942	189.273437	-17.260681	164.524370	-80.906940	264.884852	-28.594222	798.694243	-98.557056	0.960657	0.830457	0.964103	0.945937	0.978267	0.812862	0.935448	468.657293	272382.513363	36.604036	973.708295	1021.446197	92.494495	1708614958.555286	0.000000
224.000000	10.000000	21.410293	25.880778	49.557802	33.264822	79.167193	33.434186	126.343690	26.919312	305.129180	32.479574	215.435386	40.310475	320.916947	104.112614	545.406961	0.802836	0.868251	0.908787	0.966045	0.847937	0.807801	0.933139	525.292637	258745.582820	36.601043	919.684205	1073.637997	96.252548	1708614958.559817	0.000000
225.000000	8.140959	27.652311	9.224213	74.364671	-9.353505	151.918072	-5.627331	197.111701	-55.844967	470.304419	-94.682972	353.544293	49.365182	206.908524	134.645123	524.053388	0.992423	0.819006	0.893552	0.879050	0.971199	0.849172	0.920610	462.860101	234608.747624	36.607337	968.290066	1047.268954	84.344848	1708614958.564239	0.000000
226.000000	6.591674	35.046615	-4.524566	94.337785	-25.040835	128.281945	-36.748593	174.631807	6.977884	245.457380	129.214503	36.000776	251.980442	-118.870362	448.359068	-40.474207	0.959357	0.908197	0.844372	0.939032	0.895749	0.900523	1.060306	532.642994	230247.009717	36.601736	954.788462	1053.011074	81.115845	1708614958.568212	0.000000
227.000000	4.890238	39.388880	-11.733675	107.248726	1.079383	107.679871	45.266311	46.718581	181.138198	-66.464586	219.929602	-0.506823	587.902232	35.642440	137.255883	252.411678	0.857859	0.867596	0.860167	0.999532	0.821538	0.889182	0.976741	510.260693	250537.185172	36.603378	934.870617	994.944537	94.701472	1708614958.571474	0.000000
228.000000	3.438450	46.173128	-6.087109	94.525434	25.809107	46.375724	120.801971	-64.609712	267.684007	-48.890727	148.492796	176.400324	26.745235	329.645626	-13.763737	258.563844	0.929460	0.923281	0.852265	0.875769	0.983179	0.996010	1.073327	451.852140	274765.044610	36.590247	923.779183	981.649097	81.081187	1708614958.575810	0.000000
229.000000	2.096146	44.892868	-10.721557	68.330242	61.353772	-4.135699	150.078264	17.505205	122.284254	174.365319	1.274170	188.125876	16.916574	133.315084	335.790373	-31.696735	0.958358	0.972963	0.896926	0.955995	0.845942	0.981046	1.084481	544.535418	234151.859101	36.602519	1035.667430	1037.484556	96.021583	1708614958.580346	0.000000
230.000000	-0.142933	49.682306	3.797524	38.855753	89.291667	-13.301214	148.763172	94.508295	9.330307	208.481054	66.228538	78.458944	350.768300	-53.371371	194.019177	219.447713	0.843884	0.851513	0.922216	0.808040	0.829165	0.833370	0.947087	491.646311	229355.171555	36.602046	1041.571460	946.917327	97.616018	1708614958.583818	0.000000
231.000000	-0.840418	45.077207	11.301049	17.053907	131.249786	-15.296641	48.421419	161.047047	-9.720442	128.540825	203.246486	-50.953277	165.904511	178.797428	-142.438704	288.831922	0.926842	0.836108	0.885742	0.822849	0.994113	0.951195	0.995196	509.259256	242258.140842	36.598221	1074.224092	942.254673	81.638261	1708614958.588189	0.000000
232.000000	-2.347756	43.689706	28.886013	0.386774	121.586202	59.882181	3.935401	182.067643	93.293857	-32.090352	306.061954	130.721876	57.912937	192.777881	159.792584	29.877002	0.940109	0.860759	0.914418	0.974667	0.849766	0.922452	0.999643	467.664283	255009.889317	36.592330	1014.008000	943.951171	95.403742	1708614958.591977	0.000000
233.000000	-2.762890	40.136353	43.166282	-23.556685	75.562490	120.530452	-14.591480	84.089278	230.960142	36.290935	33.019174	236.796217	42.246557	-38.675394	378.496701	159.049628	0.926576	0.919322	0.940183	0.843343	0.909992	0.825377	1.088397	541.275483	231353.768099	36.599405	924.031005	993.467582	84.400223	1708614958.597119	0.000000
234.000000	-2.980465	36.295767	55.996207	-7.905318	34.480559	168.731484	45.109493	-15.197734	158.892651	166.570847	30.598214	125.927368	348.181878	-51.505731	-32.464081	284.839650	0.845826	0.845598	0.983307	0.842107	0.924207	0.986883	0.972791	468.423975	248349.864832	36.597277	912.665546	971.818897	80.455721	1708614958.599462	0.000000
235.000000	-3.314523	28.859319	70.641545	7.928174	-10.703247	125.393158	128.127143	-63.441858	69.702193	205.243353	109.734222	-76.125957	176.534087	217.457732	62.609962	-128.405203	0.997635	0.886878	0.818279	0.914556	0.922891	0.858523	0.933664	516.603132	240130.065163	36.592243	1072.621712	1000.502758	86.666276	1708614958.603650	0.000000
236.000000	-4.346524	22.333570	69.388324	34.668288	-24.556811	73.945576	176.687604	57.220830	-10.385535	126.440539	292.771051	77.820098	-92.481671	164.544980	439.514104	121.273020	0.891087	0.958466	0.914586	0.846479	0.962424	0.942658	1.069621	476.580547	236104.997121	36.609078	913.000418	997.435559	82.328169	1708614958.608079	0.000000
237.000000	-4.494023	15.484349	66.004238	66.062806	-19.841801	16.702280	135.678563	138.436007	28.762405	-34.173149	136.362409	234.426706	96.194917	-133.408570	133.778606	331.953700	0.916257	0.980470	0.867006	0.900345	0.941690	0.834417	1.091499	512.823757	240022.036890	36.600600	902.580584	951.581487	90.985568	1708614958.611516	0.000000
238.000000	-3.851708	8.261309	67.664343	84.606818	16.017818	-28.542957	64.858143	161.864922	126.660734	28.584341	21.922303	188.833222	296.896165	347.660246	-61.141496	-50.935461	0.800311	0.802306	0.857197	0.969827	0.887787	0.979014	1.021491	465.119729	272269.024773	36.604021	1045.504197	909.555913	86.528568	1708614958.616000	0.000000
239.000000	-3.139437	3.840509	49.037225	86.000946	62.935645	-7.296751	-3.107625	101.300457	183.976113	177.435993	-46.901538	-136.493986	137.529762	682.213199	592.013558	80.389358	0.936905	0.859045	0.856254	0.968837	0.808732	0.817166	0.970151	515.524830	264670.337846	36.606998	1010.886849	1034.879494	89.142976	1708614958.619450	0.000000
240.000000	-2.933956	-0.508467	36.483302	94.621174	113.261348	37.484207	-58.970966	-8.867345	116.078916	279.394620	170.410499	116.398879	-116.427777	98.370273	493.565705	936.598349	0.987578	0.806384	0.961846	0.996233	0.925109	0.939703	1.048754	487.068147	260482.624353	36.598197	932.272547	957.202804	85.741558	1708614958.623953	0.000000
241.000000	-2.151797	-4.333400	21.234369	82.838857	119.945632	103.100422	32.326512	-33.510041	15.118082	126.150146	455.917540	475.120509	143.716915	30.378236	-76.027672	140.648218	0.900717	0.932424	0.827354	0.939817	0.962255	0.940813	1.043865	519.336744	249281.340091	36.591096	1010.161355	981.972083	82.441938	1708614958.628166	0.000000
242.000000	-0.550727	-5.317734	3.658029	51.860893	115.956505	120.892187	105.587255	42.704590	-103.458327	-45.936802	139.303934	231.284897	262.469346	352.832365	162.159053	101.520423	0.998128	0.948271	0.886243	0.814092	0.813613	0.820628	0.953937	521.745659	268079.195234	36.593901	986.585934	1064.907229	86.403949	1708614958.631551	0.000000
243.000000	0.113867	-7.217893	-10.401173	25.255963	72.866658	119.858026	180.621513	138.273231	167.216379	-43.236190	-148.162151	-10.770347	108.392346	219.117261	451.065872	524.743138	0.815072	0.960579	0.941617	0.960532	0.918729	0.920508	1.017425	527.580899	265529.136896	36.590974	1087.267601	1036.942096	84.657930	1708614958.635948	0.000000
244.000000	2.098800	-7.111314	-7.715548	-4.665058	38.934221	92.025453	272.991920	196.506155	469.270564	167.225765	98.031301	-40.211954	-33.845886	10.470929	3.509355	149.456946	0.921133	0.900452	0.838576	0.870761	0.823403	0.947132	1.085395	511.732046	273838.934682	36.606571	1013.251234	1065.031818	90.173316	1708614958.640576	0.000000
245.000000	2.934161	-3.876522	-6.105465	-19.813907	6.099850	26.761897	153.166303	132.327018	235.659514	187.138558	184.704954	278.945421	166.640459	129.760130	53.800608	-72.782130	0.877925	0.951273	0.953113	0.827508	0.858649	0.828947	0.953598	499.563437	272644.566077	36.591025	1033.868335	930.623739	90.410278	1708614958.643939	0.000000
246.000000	4.882347	2.616582	-1.014401	-11.340450	-25.050551	-22.915724	3.804144	28.068552	66.722953	112.812423	226.503269	253.633605	586.956069	410.921685	427.953862	303.897671	0.932131	0.974702	0.923544	0.835262	0.852038	0.958061	1.094072	523.846820	260837.598248	36.597472	989.397600	1090.607408	96.937959	1708614958.648319	0.000000
247.000000	6.511961	8.821908	3.843650	-4.727610	-2.834527	-11.692947	-1.691196	-85.886574	-74.478032	-72.980454	25.562857	-23.076475	48.246200	91.818021	142.420896	200.903777	0.944867	0.926057	0.882095	0.933261	0.835967	0.983740	1.099193	497.360510	277768.182396	36.590555	1072.175125	1064.822660	86.390007	1708614958.651733	0.000000
248.000000	8.154515	14.704938	19.776238	17.160142	22.392740	6.852781	8.388137	29.437380	24.954712	-39.207343	35.465047	55.090736	-35.064551	-161.215722	89.345596	-48.099381	0.985712	0.891210	0.826183	0.860796	0.839622	0.834428	0.973013	516.791739	276425.655115	36.592813	1084.990195	903.594897	95.964741	1708614958.656187	0.000000
249.000000	10.000000	21.323947	34.388797	49.317492	65.194118	83.017648	100.510481	266.597976	133.154439	314.547252	209.632322	229.615747	233.812959	254.655767	383.662102	273.004161	0.872724	0.803090	0.846932	0.863706	0.800649	0.908629	0.909053	457.283223	256296.769039	36.595417	1007.096812	1060.409869	81.342665	1708614958.659417	0.000000
250.000000	11.712323	28.501485	47.731038	69.812316	109.079132	139.421886	155.888722	186.849228	194.384517	551.099200	216.696036	289.438219	360.070997	334.993099	334.607544	257.641083	0.969394	0.869044	0.918493	0.833496	0.894097	0.979888	0.993072	453.285502	273394.712873	36.604778	1058.801174	974.766310	94.291733	1708614958.663839	0.000000
